ID;Type;Description;Civilopedia;Strategy;Help;PolicyBranchType;NumExtraBranches;CultureCost;GridX;GridY;Level;PolicyCostModifier;CulturePerCity;CulturePerWonder;CultureWonderMultiplier;CulturePerTechResearched;CultureImprovementChange;CultureFromKills;CultureFromBarbarianKills;GoldFromKills;EmbarkedExtraMoves;AttackBonusTurns;GoldenAgeTurns;GoldenAgeMeterMod;GoldenAgeDurationMod;NumFreeTechs;NumFreePolicies;NumFreeGreatPeople;MedianTechPercentChange;StrategicResourceMod;WonderProductionModifier;BuildingProductionModifier;GreatPeopleRateModifier;GreatGeneralRateModifier;GreatAdmiralRateModifier;GreatWriterRateModifier;GreatArtistRateModifier;GreatMusicianRateModifier;GreatMerchantRateModifier;GreatScientistRateModifier;DomesticGreatGeneralRateModifier;ExtraHappiness;ExtraHappinessPerCity;UnhappinessMod;CityCountUnhappinessMod;OccupiedPopulationUnhappinessMod;CapitalUnhappinessMod;FreeExperience;WorkerSpeedModifier;AllFeatureProduction;ImprovementCostModifier;ImprovementUpgradeRateModifier;SpecialistProductionModifier;SpecialistUpgradeModifier;MilitaryProductionModifier;BaseFreeUnits;BaseFreeMilitaryUnits;FreeUnitsPopulationPercent;FreeMilitaryUnitsPopulationPercent;HappinessPerGarrisonedUnit;CulturePerGarrisonedUnit;HappinessPerTradeRoute;HappinessPerXPopulation;ExtraHappinessPerLuxury;UnhappinessFromUnitsMod;NumExtraBuilders;PlotGoldCostMod;PlotCultureCostModifier;PlotCultureExponentModifier;NumCitiesPolicyCostDiscount;GarrisonedCityRangeStrikeModifier;UnitPurchaseCostModifier;BuildingPurchaseCostModifier;CityConnectionTradeRouteGoldModifier;TradeMissionGoldModifier;FaithCostModifier;CulturalPlunderMultiplier;StealTechSlowerModifier;StealTechFasterModifier;CatchSpiesModifier;GoldPerUnit;GoldPerMilitaryUnit;RouteGoldMaintenanceMod;BuildingGoldMaintenanceMod;UnitGoldMaintenanceMod;UnitSupplyMod;UnitUpgradeCostMod;CityStrengthMod;CityGrowthMod;CapitalGrowthMod;SettlerProductionModifier;CapitalSettlerProductionModifier;NewCityExtraPopulation;FreeFoodBox;HappyPerMilitaryUnit;MilitaryFoodProduction;HappinessToCulture;HappinessToScience;NumCitiesFreeCultureBuilding;NumCitiesFreeFoodBuilding;HalfSpecialistUnhappiness;HalfSpecialistFood;MaxConscript;UnitSightRangeChange;WoundedUnitDamageMod;BarbarianCombatBonus;AlwaysSeeBarbCamps;RevealAllCapitals;FreeSpecialist;ExpModifier;ExpInBorderModifier;MinorQuestFriendshipMod;MinorGoldFriendshipMod;MinorFriendshipMinimum;MinorFriendshipDecayMod;OtherPlayersMinorFriendshipDecayMod;CityStateUnitFrequencyModifier;CommonFoeTourismModifier;LessHappyTourismModifier;SharedIdeologyTourismModifier;LandTradeRouteGoldChange;SeaTradeRouteGoldChange;SharedIdeologyTradeGoldChange;RiggingElectionModifier;MilitaryUnitGiftExtraInfluence;ProtectedMinorPerTurnInfluence;AfraidMinorPerTurnInfluence;MinorBullyScoreModifier;CityStateTradeChange;ThemingBonusMultiplier;InternalTradeRouteYieldModifier;SharedReligionTourismModifier;TradeRouteTourismModifier;OpenBordersTourismModifier;MinorGreatPeopleAllies;MinorScienceAllies;MinorResourceBonus;GarrisonFreeMaintenance;GoldenAgeCultureBonusDisabled;SecondReligionPantheon;AddReformationBelief;EnablesSSPartHurry;EnablesSSPartPurchase;AbleToAnnexCityStates;OneShot;IncludesOneShotFreeUnits;WeLoveTheKing;FreeBuildingOnConquest;TechPrereq;PortraitIndex;IconAtlas;IconAtlasAchieved
0;POLICY_LIBERTY;TXT_KEY_POLICY_BRANCH_LIBERTY;TXT_KEY_CIV5_POLICY_LIBERTY_TEXT;;TXT_KEY_POLICY_LIBERTY_HELP;;0;0;0;0;0;0;1;0;0;0;0;0;0;0;0;0;0;0;0;0;0;0;0;0;0;0;0;0;0;0;0;0;0;0;0;0;0;0;0;0;0;0;0;0;0;0;0;0;0;0;0;0;0;0;0;0;0;0;0;0;0;0;0;0;0;0;0;0;0;0;0;0;0;0;0;0;0;0;0;0;0;0;0;0;0;0;0;0;0;0;0;0;0;0;0;0;0;0;0;0;0;0;0;0;0;0;0;0;0;0;0;0;0;0;0;0;0;0;0;0;0;0;0;0;0;0;0;0;0;0;0;0;0;0;0;0;0;0;0;0;;;;24;POLICY_ATLAS;POLICY_A_ATLAS
1;POLICY_COLLECTIVE_RULE;TXT_KEY_POLICY_COLLECTIVE_RULE;TXT_KEY_CIV5_POLICY_COLLECTIVERULE_TEXT;;TXT_KEY_POLICY_COLLECTIVE_RULE_HELP;POLICY_BRANCH_LIBERTY;0;10;1;2;0;0;0;0;0;0;0;0;0;0;0;0;0;0;0;0;0;0;0;0;0;0;0;0;0;0;0;0;0;0;0;0;0;0;0;0;0;0;0;0;0;0;0;0;0;0;0;0;0;0;0;0;0;0;0;0;0;0;0;0;0;0;0;0;0;0;0;0;0;0;0;0;0;0;0;0;0;0;0;0;0;50;0;0;0;0;0;0;0;0;0;0;0;0;0;0;0;0;0;0;0;0;0;0;0;0;0;0;0;0;0;0;0;0;0;0;0;0;0;0;0;0;0;0;0;0;0;0;0;0;0;0;0;0;0;1;;;;1;POLICY_ATLAS_EXP2;POLICY_A_ATLAS_EXP2
2;POLICY_CITIZENSHIP;TXT_KEY_POLICY_CITIZENSHIP;TXT_KEY_CIV5_POLICY_CITIZENSHIP_TEXT;;TXT_KEY_POLICY_CITIZENSHIP_HELP;POLICY_BRANCH_LIBERTY;0;10;4;1;0;0;0;0;0;0;0;0;0;0;0;0;0;0;0;0;0;0;0;0;0;0;0;0;0;0;0;0;0;0;0;0;0;0;0;0;0;0;25;0;0;0;0;0;0;0;0;0;0;0;0;0;0;0;0;0;0;0;0;0;0;0;0;0;0;0;0;0;0;0;0;0;0;0;0;0;0;0;0;0;0;0;0;0;0;0;0;0;0;0;0;0;0;0;0;0;0;0;0;0;0;0;0;0;0;0;0;0;0;0;0;0;0;0;0;0;0;0;0;0;0;0;0;0;0;0;0;0;0;0;0;0;0;0;0;1;;;;26;POLICY_ATLAS;POLICY_A_ATLAS
3;POLICY_REPUBLIC;TXT_KEY_POLICY_REPUBLIC;TXT_KEY_CIV5_POLICY_REPUBLIC_TEXT;;TXT_KEY_POLICY_REPUBLIC_HELP;POLICY_BRANCH_LIBERTY;0;10;1;1;0;0;0;0;0;0;0;0;0;0;0;0;0;0;0;0;0;0;0;0;0;5;0;0;0;0;0;0;0;0;0;0;0;0;0;0;0;0;0;0;0;0;0;0;0;0;0;0;0;0;0;0;0;0;0;0;0;0;0;0;0;0;0;0;0;0;0;0;0;0;0;0;0;0;0;0;0;0;0;0;0;0;0;0;0;0;0;0;0;0;0;0;0;0;0;0;0;0;0;0;0;0;0;0;0;0;0;0;0;0;0;0;0;0;0;0;0;0;0;0;0;0;0;0;0;0;0;0;0;0;0;0;0;0;0;0;;;;27;POLICY_ATLAS;POLICY_A_ATLAS
4;POLICY_REPRESENTATION;TXT_KEY_POLICY_REPRESENTATION;TXT_KEY_CIV5_POLICY_REPRESENTATION_TEXT;;TXT_KEY_POLICY_REPRESENTATION_HELP;POLICY_BRANCH_LIBERTY;0;10;3;2;0;0;0;0;0;0;0;0;0;0;0;0;10;0;0;0;0;0;0;0;0;0;0;0;0;0;0;0;0;0;0;0;0;0;0;0;0;0;0;0;0;0;0;0;0;0;0;0;0;0;0;0;0;0;0;0;0;0;0;-33;0;0;0;0;0;0;0;0;0;0;0;0;0;0;0;0;0;0;0;0;0;0;0;0;0;0;0;0;0;0;0;0;0;0;0;0;0;0;0;0;0;0;0;0;0;0;0;0;0;0;0;0;0;0;0;0;0;0;0;0;0;0;0;0;0;0;0;0;0;0;0;0;0;0;0;0;;;;28;POLICY_ATLAS;POLICY_A_ATLAS
5;POLICY_MERITOCRACY;TXT_KEY_POLICY_MERITOCRACY;TXT_KEY_CIV5_POLICY_MERITOCRACY_TEXT;;TXT_KEY_POLICY_MERITOCRACY_HELP;POLICY_BRANCH_LIBERTY;0;10;5;2;0;0;0;0;0;0;0;0;0;0;0;0;0;0;0;0;0;0;0;0;0;0;0;0;0;0;0;0;0;0;0;0;0;-5;0;0;0;0;0;0;0;0;0;0;0;0;0;0;0;0;0;100;0;0;0;0;0;0;0;0;0;0;0;0;0;0;0;0;0;0;0;0;0;0;0;0;0;0;0;0;0;0;0;0;0;0;0;0;0;0;0;0;0;0;0;0;0;0;0;0;0;0;0;0;0;0;0;0;0;0;0;0;0;0;0;0;0;0;0;0;0;0;0;0;0;0;0;0;0;0;0;0;0;0;0;0;;;;29;POLICY_ATLAS;POLICY_A_ATLAS
6;POLICY_TRADITION;TXT_KEY_POLICY_TRADITION;TXT_KEY_CIV5_POLICY_TRADITION_TEXT;;TXT_KEY_POLICY_TRADITION_HELP;;0;0;0;0;0;0;0;0;0;0;0;0;0;0;0;0;0;0;0;0;0;0;0;0;0;0;0;0;0;0;0;0;0;0;0;0;0;0;0;0;0;0;0;0;0;0;0;0;0;0;0;0;0;0;0;0;0;0;0;0;0;0;-25;0;0;0;0;0;0;0;0;0;0;0;0;0;0;0;0;0;0;0;0;0;0;0;0;0;0;0;0;0;0;0;0;0;0;0;0;0;0;0;0;0;0;0;0;0;0;0;0;0;0;0;0;0;0;0;0;0;0;0;0;0;0;0;0;0;0;0;0;0;0;0;0;0;0;0;0;0;;;;54;POLICY_ATLAS;POLICY_A_ATLAS
7;POLICY_ARISTOCRACY;TXT_KEY_POLICY_ARISTOCRACY;TXT_KEY_POLICY_ARISTOCRACY_TEXT;;TXT_KEY_POLICY_ARISTOCRACY_HELP;POLICY_BRANCH_TRADITION;0;10;1;1;0;0;0;0;0;0;0;0;0;0;0;0;0;0;0;0;0;0;0;0;15;0;0;0;0;0;0;0;0;0;0;0;0;0;0;0;0;0;0;0;0;0;0;0;0;0;0;0;0;0;0;0;10;0;0;0;0;0;0;0;0;0;0;0;0;0;0;0;0;0;0;0;0;0;0;0;0;0;0;0;0;0;0;0;0;0;0;0;0;0;0;0;0;0;0;0;0;0;0;0;0;0;0;0;0;0;0;0;0;0;0;0;0;0;0;0;0;0;0;0;0;0;0;0;0;0;0;0;0;0;0;0;0;0;0;0;;;;55;POLICY_ATLAS;POLICY_A_ATLAS
8;POLICY_OLIGARCHY;TXT_KEY_POLICY_OLIGARCHY;TXT_KEY_POLICY_OLIGARCHY_TEXT;;TXT_KEY_POLICY_OLIGARCHY_HELP;POLICY_BRANCH_TRADITION;0;10;3;1;0;0;0;0;0;0;0;0;0;0;0;0;0;0;0;0;0;0;0;0;0;0;0;0;0;0;0;0;0;0;0;0;0;0;0;0;0;0;0;0;0;0;0;0;0;0;0;0;0;0;0;0;0;0;0;0;0;0;0;0;50;0;0;0;0;0;0;0;0;0;0;0;0;0;0;0;0;0;0;0;0;0;0;0;0;0;0;0;0;0;0;0;0;0;0;0;0;0;0;0;0;0;0;0;0;0;0;0;0;0;0;0;0;0;0;0;0;0;0;0;0;0;0;0;0;0;0;1;0;0;0;0;0;0;0;0;;;;56;POLICY_ATLAS;POLICY_A_ATLAS
9;POLICY_LEGALISM;TXT_KEY_POLICY_LEGALISM;TXT_KEY_POLICY_LEGALISM_TEXT;;TXT_KEY_POLICY_LEGALISM_HELP;POLICY_BRANCH_TRADITION;0;10;3;2;0;0;0;0;0;0;0;0;0;0;0;0;0;0;0;0;0;0;0;0;0;0;0;0;0;0;0;0;0;0;0;0;0;0;0;0;0;0;0;0;0;0;0;0;0;0;0;0;0;0;0;0;0;0;0;0;0;0;0;0;0;0;0;0;0;0;0;0;0;0;0;0;0;0;0;0;0;0;0;0;0;0;0;0;0;0;0;0;4;0;0;0;0;0;0;0;0;0;0;0;0;0;0;0;0;0;0;0;0;0;0;0;0;0;0;0;0;0;0;0;0;0;0;0;0;0;0;0;0;0;0;0;0;0;1;0;;;;57;POLICY_ATLAS;POLICY_A_ATLAS
10;POLICY_LANDED_ELITE;TXT_KEY_POLICY_LANDED_ELITE;TXT_KEY_POLICY_LANDEDELITE_TEXT;;TXT_KEY_POLICY_LANDED_ELITE_HELP;POLICY_BRANCH_TRADITION;0;10;2;3;0;0;0;0;0;0;0;0;0;0;0;0;0;0;0;0;0;0;0;0;0;0;0;0;0;0;0;0;0;0;0;0;0;0;0;0;0;0;0;0;0;0;0;0;0;0;0;0;0;0;0;0;0;0;0;0;0;0;0;0;0;0;0;0;0;0;0;0;0;0;0;0;0;0;0;0;0;0;0;10;0;0;0;0;0;0;0;0;0;0;0;0;0;0;0;0;0;0;0;0;0;0;0;0;0;0;0;0;0;0;0;0;0;0;0;0;0;0;0;0;0;0;0;0;0;0;0;0;0;0;0;0;0;0;0;0;;;;58;POLICY_ATLAS;POLICY_A_ATLAS
11;POLICY_MONARCHY;TXT_KEY_POLICY_MONARCHY;TXT_KEY_POLICY_MONARCHY_TEXT;;TXT_KEY_POLICY_MONARCHY_HELP;POLICY_BRANCH_TRADITION;0;10;4;3;0;0;0;0;0;0;0;0;0;0;0;0;0;0;0;0;0;0;0;0;0;0;0;0;0;0;0;0;0;0;0;0;0;0;0;0;-50;0;0;0;0;0;0;0;0;0;0;0;0;0;0;0;0;0;0;0;0;0;0;0;0;0;0;0;0;0;0;0;0;0;0;0;0;0;0;0;0;0;0;0;0;0;0;0;0;0;0;0;0;0;0;0;0;0;0;0;0;0;0;0;0;0;0;0;0;0;0;0;0;0;0;0;0;0;0;0;0;0;0;0;0;0;0;0;0;0;0;0;0;0;0;0;0;0;0;0;;;;59;POLICY_ATLAS;POLICY_A_ATLAS
12;POLICY_HONOR;TXT_KEY_POLICY_BRANCH_HONOR;TXT_KEY_POLICY_HONOR_TEXT;;TXT_KEY_POLICTY_HONOR_HELP;;0;0;0;0;0;0;0;0;0;0;0;0;100;0;0;0;0;0;0;0;0;0;0;0;0;0;0;0;0;0;0;0;0;0;0;0;0;0;0;0;0;0;0;0;0;0;0;0;0;0;0;0;0;0;0;0;0;0;0;0;0;0;0;0;0;0;0;0;0;0;0;0;0;0;0;0;0;0;0;0;0;0;0;0;0;0;0;0;0;0;0;0;0;0;0;0;0;0;0;33;1;0;0;0;0;0;0;0;0;0;0;0;0;0;0;0;0;0;0;0;0;0;0;0;0;0;0;0;0;0;0;0;0;0;0;0;0;0;0;0;;;;18;POLICY_ATLAS;POLICY_A_ATLAS
13;POLICY_WARRIOR_CODE;TXT_KEY_POLICY_WARRIOR_CODE;TXT_KEY_POLICY_WARRIORCODE_TEXT;;TXT_KEY_POLICY_WARRIOR_CODE_HELP;POLICY_BRANCH_HONOR;0;10;2;1;0;0;0;0;0;0;0;0;0;0;0;0;0;0;0;0;0;0;0;0;0;0;0;50;0;0;0;0;0;0;0;0;0;0;0;0;0;0;0;0;0;0;0;0;0;0;0;0;0;0;0;0;0;0;0;0;0;0;0;0;0;0;0;0;0;0;0;0;0;0;0;0;0;0;0;0;0;0;0;0;0;0;0;0;0;0;0;0;0;0;0;0;0;0;0;0;0;0;0;0;0;0;0;0;0;0;0;0;0;0;0;0;0;0;0;0;0;0;0;0;0;0;0;0;0;0;0;0;0;0;0;0;0;0;0;1;;;;19;POLICY_ATLAS;POLICY_A_ATLAS
14;POLICY_DISCIPLINE;TXT_KEY_POLICY_DISCIPLINE;TXT_KEY_POLICY_DISCIPLINE_TEXT;;TXT_KEY_POLICY_DISCIPLINE_HELP;POLICY_BRANCH_HONOR;0;10;4;1;0;0;0;0;0;0;0;0;0;0;0;0;0;0;0;0;0;0;0;0;0;0;0;0;0;0;0;0;0;0;0;0;0;0;0;0;0;0;0;0;0;0;0;0;0;0;0;0;0;0;0;0;0;0;0;0;0;0;0;0;0;0;0;0;0;0;0;0;0;0;0;0;0;0;0;0;0;0;0;0;0;0;0;0;0;0;0;0;0;0;0;0;0;0;0;0;0;0;0;0;0;0;0;0;0;0;0;0;0;0;0;0;0;0;0;0;0;0;0;0;0;0;0;0;0;0;0;0;0;0;0;0;0;0;0;0;;;;20;POLICY_ATLAS;POLICY_A_ATLAS
15;POLICY_MILITARY_TRADITION;TXT_KEY_POLICY_MILITARY_TRADITION;TXT_KEY_POLICY_MILITARYTRADITION_TEXT;;TXT_KEY_POLICY_MILITARY_TRADITION_HELP;POLICY_BRANCH_HONOR;0;10;2;2;0;0;0;0;0;0;0;0;0;0;0;0;0;0;0;0;0;0;0;0;0;0;0;0;0;0;0;0;0;0;0;0;0;0;0;0;0;0;0;0;0;0;0;0;0;0;0;0;0;0;0;0;0;0;0;0;0;0;0;0;0;0;0;0;0;0;0;0;0;0;0;0;0;0;0;0;0;0;0;0;0;0;0;0;0;0;0;0;0;0;0;0;0;0;0;0;0;0;0;50;0;0;0;0;0;0;0;0;0;0;0;0;0;0;0;0;0;0;0;0;0;0;0;0;0;0;0;0;0;0;0;0;0;0;0;0;;;;21;POLICY_ATLAS;POLICY_A_ATLAS
16;POLICY_MILITARY_CASTE;TXT_KEY_POLICY_MILITARY_CASTE;TXT_KEY_POLICY_MILITARYCASTE_TEXT;;TXT_KEY_POLICY_MILITARY_CASTE_HELP;POLICY_BRANCH_HONOR;0;10;4;2;0;0;0;0;0;0;0;0;0;0;0;0;0;0;0;0;0;0;0;0;0;0;0;0;0;0;0;0;0;0;0;0;0;0;0;0;0;0;0;0;0;0;0;0;0;0;0;0;0;1;2;0;0;0;0;0;0;0;0;0;0;0;0;0;0;0;0;0;0;0;0;0;0;0;0;0;0;0;0;0;0;0;0;0;0;0;0;0;0;0;0;0;0;0;0;0;0;0;0;0;0;0;0;0;0;0;0;0;0;0;0;0;0;0;0;0;0;0;0;0;0;0;0;0;0;0;0;0;0;0;0;0;0;0;0;0;;;;22;POLICY_ATLAS;POLICY_A_ATLAS
17;POLICY_PROFESSIONAL_ARMY;TXT_KEY_POLICY_PROFESSIONAL_ARMY;TXT_KEY_POLICY_PROFESSIONALARMY_TEXT;;TXT_KEY_POLICY_PROFESSIONAL_ARMY_HELP;POLICY_BRANCH_HONOR;0;10;4;3;0;0;0;0;0;0;0;0;0;0;0;0;0;0;0;0;0;0;0;0;0;0;0;0;0;0;0;0;0;0;0;0;0;0;0;0;0;0;0;0;0;0;0;0;0;0;0;0;0;0;0;0;0;0;0;0;0;0;0;0;0;0;0;0;0;0;0;0;0;0;0;0;0;0;0;0;-33;0;0;0;0;0;0;0;0;0;0;0;0;0;0;0;0;0;0;0;0;0;0;0;0;0;0;0;0;0;0;0;0;0;0;0;0;0;0;0;0;0;0;0;0;0;0;0;0;0;0;0;0;0;0;0;0;0;0;0;;;;23;POLICY_ATLAS;POLICY_A_ATLAS
18;POLICY_PIETY;TXT_KEY_POLICY_BRANCH_PIETY;TXT_KEY_POLICY_PIETY_TEXT;;TXT_KEY_POLICY_PIETY_HELP;;0;0;0;0;0;0;0;0;0;0;0;0;0;0;0;0;0;0;0;0;0;0;0;0;0;0;0;0;0;0;0;0;0;0;0;0;0;0;0;0;0;0;0;0;0;0;0;0;0;0;0;0;0;0;0;0;0;0;0;0;0;0;0;0;0;0;0;0;0;0;0;0;0;0;0;0;0;0;0;0;0;0;0;0;0;0;0;0;0;0;0;0;0;0;0;0;0;0;0;0;0;0;0;0;0;0;0;0;0;0;0;0;0;0;0;0;0;0;0;0;0;0;0;0;0;0;0;0;0;0;0;0;0;0;0;0;0;0;0;0;;;;42;POLICY_ATLAS;POLICY_A_ATLAS
19;POLICY_ORGANIZED_RELIGION;TXT_KEY_POLICY_ORGANIZED_RELIGION;TXT_KEY_POLICY_ORGANIZEDRELIGION_TEXT;;TXT_KEY_POLICY_ORGANIZED_RELIGION_HELP;POLICY_BRANCH_PIETY;0;10;2;1;0;0;0;0;0;0;0;0;0;0;0;0;0;0;0;0;0;0;0;0;0;0;0;0;0;0;0;0;0;0;0;0;0;0;0;0;0;0;0;0;0;0;0;0;0;0;0;0;0;0;0;0;0;0;0;0;0;0;0;0;0;0;0;0;0;0;0;0;0;0;0;0;0;0;0;0;0;0;0;0;0;0;0;0;0;0;0;0;0;0;0;0;0;0;0;0;0;0;0;0;0;0;0;0;0;0;0;0;0;0;0;0;0;0;0;0;0;0;0;0;0;0;0;0;0;0;0;0;0;0;0;0;0;0;0;0;;;;43;POLICY_ATLAS;POLICY_A_ATLAS
20;POLICY_MANDATE_OF_HEAVEN;TXT_KEY_POLICY_MANDATE_OF_HEAVEN;TXT_KEY_POLICY_MANDATEOFHEAVEN_TEXT;;TXT_KEY_POLICY_MANDATE_OF_HEAVEN_HELP;POLICY_BRANCH_PIETY;0;10;5;1;0;0;0;0;0;0;0;0;0;0;0;0;0;0;0;0;0;0;0;0;0;0;0;0;0;0;0;0;0;0;0;0;0;0;0;0;0;0;0;0;0;0;0;0;0;0;0;0;0;0;0;0;0;0;0;0;0;0;0;0;0;0;0;0;0;-20;0;0;0;0;0;0;0;0;0;0;0;0;0;0;0;0;0;0;0;0;0;0;0;0;0;0;0;0;0;0;0;0;0;0;0;0;0;0;0;0;0;0;0;0;0;0;0;0;0;0;0;0;0;0;0;0;0;0;0;0;0;0;0;0;0;0;0;0;0;0;;;;44;POLICY_ATLAS;POLICY_A_ATLAS
21;POLICY_THEOCRACY;TXT_KEY_POLICY_THEOCRACY;TXT_KEY_POLICY_THEOCRACY_TEXT;;TXT_KEY_POLICY_THEOCRACY_HELP;POLICY_BRANCH_PIETY;0;10;1;2;0;0;0;0;0;0;0;0;0;0;0;0;0;0;0;0;0;0;0;0;0;0;0;0;0;0;0;0;0;0;0;0;0;0;0;0;0;0;0;0;0;0;0;0;0;0;0;0;0;0;0;0;0;0;0;0;0;0;0;0;0;0;0;0;0;0;0;0;0;0;0;0;0;0;0;0;0;0;0;0;0;0;0;0;0;0;0;0;0;0;0;0;0;0;0;0;0;0;0;0;0;0;0;0;0;0;0;0;0;0;0;0;0;0;0;0;0;0;0;0;0;0;0;0;0;0;0;0;0;0;0;0;0;0;0;0;;;;45;POLICY_ATLAS;POLICY_A_ATLAS
22;POLICY_REFORMATION;TXT_KEY_POLICY_REFORMATION;TXT_KEY_POLICY_REFORMATION_TEXT;;TXT_KEY_POLICY_REFORMATION_HELP;POLICY_BRANCH_PIETY;0;10;3;3;0;0;0;0;0;0;0;0;0;0;0;0;0;0;0;0;0;0;0;0;0;0;0;0;0;0;0;0;0;0;0;0;0;0;0;0;0;0;0;0;0;0;0;0;0;0;0;0;0;0;0;0;0;0;0;0;0;0;0;0;0;0;0;0;0;0;0;0;0;0;0;0;0;0;0;0;0;0;0;0;0;0;0;0;0;0;0;0;0;0;0;0;0;0;0;0;0;0;0;0;0;0;0;0;0;0;0;0;0;0;0;0;0;0;0;0;0;0;0;0;0;0;0;0;0;0;0;0;0;0;1;0;0;0;1;0;;;;46;POLICY_ATLAS;POLICY_A_ATLAS
23;POLICY_FREE_RELIGION;TXT_KEY_POLICY_FREE_RELIGION;TXT_KEY_POLICY_FREERELIGION_TEXT;;TXT_KEY_POLICY_FREE_RELIGION_HELP;POLICY_BRANCH_PIETY;0;10;3;2;0;0;0;0;0;0;0;0;0;0;0;0;0;0;0;0;0;0;0;0;0;0;0;0;0;0;0;0;0;0;0;0;0;0;0;0;0;0;0;0;0;0;0;0;0;0;0;0;0;0;0;0;0;0;0;0;0;0;0;0;0;0;0;0;0;0;0;0;0;0;0;0;0;0;0;0;0;0;0;0;0;0;0;0;0;0;0;0;0;0;0;0;0;0;0;0;0;0;0;0;0;0;0;0;0;0;0;0;0;0;0;0;0;0;0;0;0;0;0;0;0;0;0;0;0;0;0;0;0;1;0;0;0;0;0;0;;;;47;POLICY_ATLAS;POLICY_A_ATLAS
24;POLICY_PATRONAGE;TXT_KEY_POLICY_BRANCH_PATRONAGE;TXT_KEY_POLICY_PATRONAGE_TEXT;;TXT_KEY_POLICY_BRANCH_PATRONAGE_HELP;;0;0;0;0;0;0;0;0;0;0;0;0;0;0;0;0;0;0;0;0;0;0;0;0;0;0;0;0;0;0;0;0;0;0;0;0;0;0;0;0;0;0;0;0;0;0;0;0;0;0;0;0;0;0;0;0;0;0;0;0;0;0;0;0;0;0;0;0;0;0;0;0;0;0;0;0;0;0;0;0;0;0;0;0;0;0;0;0;0;0;0;0;0;0;0;0;0;0;0;0;0;0;0;0;0;0;0;0;-25;0;0;0;0;0;0;0;0;0;0;0;0;0;0;0;0;0;0;0;0;0;0;0;0;0;0;0;0;0;0;0;;;;36;POLICY_ATLAS;POLICY_A_ATLAS
25;POLICY_PHILANTHROPY;TXT_KEY_POLICY_PHILANTHROPY;TXT_KEY_POLICY_PHILANTHROPY_TEXT;;TXT_KEY_POLICY_PHILANTHROPY_HELP;POLICY_BRANCH_PATRONAGE;0;10;2;1;0;0;0;0;0;0;0;0;0;0;0;0;0;0;0;0;0;0;0;0;0;0;0;0;0;0;0;0;0;0;0;0;0;0;0;0;0;0;0;0;0;0;0;0;0;0;0;0;0;0;0;0;0;0;0;0;0;0;0;0;0;0;0;0;0;0;0;0;0;0;0;0;0;0;0;0;0;0;0;0;0;0;0;0;0;0;0;0;0;0;0;0;0;0;0;0;0;0;0;0;0;0;25;0;0;0;0;0;0;0;0;0;0;0;0;0;0;0;0;0;0;0;0;0;0;0;0;0;0;0;0;0;0;0;0;0;;;;37;POLICY_ATLAS;POLICY_A_ATLAS
26;POLICY_CONSULATES;TXT_KEY_POLICY_CONSULATES;TXT_KEY_POLICY_CONSULATES_TEXT;;TXT_KEY_POLICY_CONSULATES_HELP;POLICY_BRANCH_PATRONAGE;0;10;4;1;0;0;0;0;0;0;0;0;0;0;0;0;0;0;0;0;0;0;0;0;0;0;0;0;0;0;0;0;0;0;0;0;0;0;0;0;0;0;0;0;0;0;0;0;0;0;0;0;0;0;0;0;0;0;0;0;0;0;0;0;0;0;0;0;0;0;0;0;0;0;0;0;0;0;0;0;0;0;0;0;0;0;0;0;0;0;0;0;0;0;0;0;0;0;0;0;0;0;0;0;0;0;0;20;0;0;0;0;0;0;0;0;0;0;0;0;0;0;0;0;0;0;0;0;0;0;0;0;0;0;0;0;0;0;0;0;;;;38;POLICY_ATLAS;POLICY_A_ATLAS
27;POLICY_SCHOLASTICISM;TXT_KEY_POLICY_SCHOLASTICISM;TXT_KEY_POLICY_SCHOLASTICISM_TEXT;;TXT_KEY_POLICY_SCHOLASTICISM_HELP;POLICY_BRANCH_PATRONAGE;0;10;2;2;0;0;0;0;0;0;0;0;0;0;0;0;0;0;0;0;0;0;0;0;0;0;0;0;0;0;0;0;0;0;0;0;0;0;0;0;0;0;0;0;0;0;0;0;0;0;0;0;0;0;0;0;0;0;0;0;0;0;0;0;0;0;0;0;0;0;0;0;0;0;0;0;0;0;0;0;0;0;0;0;0;0;0;0;0;0;0;0;0;0;0;0;0;0;0;0;0;0;0;0;0;0;0;0;0;0;0;0;0;0;0;0;0;0;0;0;0;0;0;0;0;0;0;0;0;1;0;0;0;0;0;0;0;0;0;0;;;;39;POLICY_ATLAS;POLICY_A_ATLAS
28;POLICY_CULTURAL_DIPLOMACY;TXT_KEY_POLICY_CULTURAL_DIPLOMACY;TXT_KEY_POLICY_CULTURALDIPLOMACY_TEXT;;TXT_KEY_POLICY_CULTURAL_DIPLOMACY_HELP;POLICY_BRANCH_PATRONAGE;0;10;2;3;0;0;0;0;0;0;0;0;0;0;0;0;0;0;0;0;0;0;0;0;0;0;0;0;0;0;0;0;0;0;0;0;0;0;0;0;0;0;0;0;0;0;0;0;0;0;0;0;0;0;0;0;0;0;0;0;0;0;0;0;0;0;0;0;0;0;0;0;0;0;0;0;0;0;0;0;0;0;0;0;0;0;0;0;0;0;0;0;0;0;0;0;0;0;0;0;0;0;0;0;0;0;0;0;0;0;0;0;0;0;0;0;0;0;0;0;0;0;0;0;0;0;0;0;0;0;1;0;0;0;0;0;0;0;0;0;;;;40;POLICY_ATLAS;POLICY_A_ATLAS
29;POLICY_MERCHANT_CONFEDERACY;TXT_KEY_POLICY_MERCHANT_CONFEDERACY;TXT_KEY_POLICY_MERCHANT_CONFEDERACY_TEXT;;TXT_KEY_POLICY_MERCHANT_CONFEDERACY_HELP;POLICY_BRANCH_PATRONAGE;0;10;4;3;0;0;0;0;0;0;0;0;0;0;0;0;0;0;0;0;0;0;0;0;0;0;0;0;0;0;0;0;0;0;0;0;0;0;0;0;0;0;0;0;0;0;0;0;0;0;0;0;0;0;0;0;0;0;0;0;0;0;0;0;0;0;0;0;0;0;0;0;0;0;0;0;0;0;0;0;0;0;0;0;0;0;0;0;0;0;0;0;0;0;0;0;0;0;0;0;0;0;0;0;0;0;0;0;0;0;0;0;0;0;0;0;0;0;0;0;0;0;200;0;0;0;0;0;0;0;0;0;0;0;0;0;0;0;0;0;;;;41;POLICY_ATLAS;POLICY_A_ATLAS
30;POLICY_COMMERCE;TXT_KEY_POLICY_BRANCH_COMMERCE;TXT_KEY_POLICY_COMMERCE_TEXT;;TXT_KEY_POLICY_COMMERCE_HELP;;0;0;0;0;0;0;0;0;0;0;0;0;0;0;0;0;0;0;0;0;0;0;0;0;0;0;0;0;0;0;0;0;0;0;0;0;0;0;0;0;0;0;0;0;0;0;0;0;0;0;0;0;0;0;0;0;0;0;0;0;0;0;0;0;0;0;0;0;0;0;0;0;0;0;0;0;0;0;0;0;0;0;0;0;0;0;0;0;0;0;0;0;0;0;0;0;0;0;0;0;0;0;0;0;0;0;0;0;0;0;0;0;0;0;0;0;0;0;0;0;0;0;0;0;0;0;0;0;0;0;0;0;0;0;0;0;0;0;0;0;;;;6;POLICY_ATLAS;POLICY_A_ATLAS
31;POLICY_TRADE_UNIONS;TXT_KEY_POLICY_TRADE_UNIONS;TXT_KEY_POLICY_TRADEUNIONS_TEXT;;TXT_KEY_POLICY_TRADE_UNIONS_HELP;POLICY_BRANCH_COMMERCE;0;10;4;1;0;0;0;0;0;0;0;0;0;0;0;0;0;0;0;0;0;0;0;0;0;0;0;0;0;0;0;0;0;0;0;0;0;0;0;0;0;0;0;0;0;0;0;0;0;0;0;0;0;0;0;0;0;0;0;0;0;0;0;0;0;0;0;0;0;0;0;0;0;0;0;0;0;0;0;0;0;0;0;0;0;0;0;0;0;0;0;0;0;0;0;0;0;0;0;0;0;0;0;0;0;0;0;0;0;0;0;0;0;0;0;0;0;0;0;0;0;0;0;0;0;0;0;0;0;0;0;0;0;0;0;0;0;0;0;0;;;;0;EXPANSIONPATCH_POLICY_ATLAS;EXPANSIONPATCH_POLICY_ACHIEVED_ATLAS
32;POLICY_ENTREPRENEURSHIP;TXT_KEY_POLICY_ENTREPRENEURSHIP;TXT_KEY_POLICY_ENTREPRENEURSHIP_TEXT;;TXT_KEY_POLICY_ENTREPRENEURSHIP_HELP;POLICY_BRANCH_COMMERCE;0;10;2;2;0;0;0;0;0;0;0;0;0;0;1;0;0;0;0;0;0;0;0;0;0;0;0;0;0;0;0;0;25;0;0;0;0;0;0;0;0;0;0;0;0;0;0;0;0;0;0;0;0;0;0;0;0;0;0;0;0;0;0;0;0;0;0;0;100;0;0;0;0;0;0;0;0;0;0;0;0;0;0;0;0;0;0;0;0;0;0;0;0;0;0;0;0;0;0;0;0;0;0;0;0;0;0;0;0;0;0;0;0;0;0;0;0;0;0;0;0;0;0;0;0;0;0;0;0;0;0;0;0;0;0;0;0;0;0;0;;;;3;POLICY_ATLAS_EXP2;POLICY_A_ATLAS_EXP2
33;POLICY_MERCANTILISM;TXT_KEY_POLICY_MERCANTILISM;TXT_KEY_POLICY_MERCANTILISM_TEXT;;TXT_KEY_POLICY_MERCANTILISM_HELP;POLICY_BRANCH_COMMERCE;0;10;4;2;0;0;0;0;0;0;0;0;0;0;0;0;0;0;0;0;0;0;0;0;0;0;0;0;0;0;0;0;0;0;0;0;0;0;0;0;0;0;0;0;0;0;0;0;0;0;0;0;0;0;0;0;0;0;0;0;0;0;0;0;0;0;0;0;0;0;0;0;0;0;0;0;0;0;0;0;0;0;0;0;0;0;0;0;0;0;0;0;0;0;0;0;0;0;0;0;0;0;0;0;0;0;0;0;0;0;0;0;0;0;0;0;0;0;0;0;0;0;0;0;0;0;0;0;0;0;0;0;0;0;0;0;0;0;0;0;;;;9;POLICY_ATLAS;POLICY_A_ATLAS
34;POLICY_CARAVANS;TXT_KEY_POLICY_CARAVANS;TXT_KEY_POLICY_CARAVANS_TEXT;;TXT_KEY_POLICY_CARAVANS_HELP;POLICY_BRANCH_COMMERCE;0;10;2;1;0;0;0;0;0;0;0;0;0;0;0;0;0;0;0;0;0;0;0;0;0;0;0;0;0;0;0;0;0;0;0;0;0;0;0;0;0;0;0;0;0;0;0;0;0;0;0;0;0;0;0;0;0;0;0;0;0;0;0;0;0;0;0;0;0;0;0;0;0;0;0;0;-50;0;0;0;0;0;0;0;0;0;0;0;0;0;0;0;0;0;0;0;0;0;0;0;0;0;0;0;0;0;0;0;0;0;0;0;0;0;200;0;0;0;0;0;0;0;0;0;0;0;0;0;0;0;0;0;0;0;0;0;0;0;0;0;;;;9;POLICY_ATLAS_EXP2;POLICY_A_ATLAS_EXP2
35;POLICY_PROTECTIONISM;TXT_KEY_POLICY_PROTECTIONISM;TXT_KEY_POLICY_PROTECTIONISM_TEXT;;TXT_KEY_POLICY_PROTECTIONISM_HELP;POLICY_BRANCH_COMMERCE;0;10;4;3;0;0;0;0;0;0;0;0;0;0;0;0;0;0;0;0;0;0;0;0;0;0;0;0;0;0;0;0;0;0;0;0;0;0;0;0;0;0;0;0;0;0;0;0;0;0;0;0;0;0;0;0;0;2;0;0;0;0;0;0;0;0;0;0;0;0;0;0;0;0;0;0;0;0;0;0;0;0;0;0;0;0;0;0;0;0;0;0;0;0;0;0;0;0;0;0;0;0;0;0;0;0;0;0;0;0;0;0;0;0;0;0;0;0;0;0;0;0;0;0;0;0;0;0;0;0;0;0;0;0;0;0;0;0;0;0;;;;11;POLICY_ATLAS;POLICY_A_ATLAS
36;POLICY_RATIONALISM;TXT_KEY_POLICY_BRANCH_RATIONALISM;TXT_KEY_POLICY_RATIONALISM_TEXT;;TXT_KEY_POLICY_RATIONALISM_HELP;;0;0;0;0;0;0;0;0;0;0;0;0;0;0;0;0;0;0;0;0;0;0;0;0;0;0;0;0;0;0;0;0;0;0;0;0;0;0;0;0;0;0;0;0;0;0;0;0;0;0;0;0;0;0;0;0;0;0;0;0;0;0;0;0;0;0;0;0;0;0;0;0;0;0;0;0;0;0;0;0;0;0;0;0;0;0;0;0;0;0;0;10;0;0;0;0;0;0;0;0;0;0;0;0;0;0;0;0;0;0;0;0;0;0;0;0;0;0;0;0;0;0;0;0;0;0;0;0;0;0;0;0;0;0;0;0;0;0;0;0;;;;48;POLICY_ATLAS;POLICY_A_ATLAS
37;POLICY_SECULARISM;TXT_KEY_POLICY_SECULARISM;TXT_KEY_POLICY_SECULARISM_TEXT;;TXT_KEY_POLICY_SECULARISM_HELP;POLICY_BRANCH_RATIONALISM;0;10;2;1;0;0;0;0;0;0;0;0;0;0;0;0;0;0;0;0;0;0;0;0;0;0;0;0;0;0;0;0;0;0;0;0;0;0;0;0;0;0;0;0;0;0;0;0;0;0;0;0;0;0;0;0;0;0;0;0;0;0;0;0;0;0;0;0;0;0;0;0;0;0;0;0;0;0;0;0;0;0;0;0;0;0;0;0;0;0;0;0;0;0;0;0;0;0;0;0;0;0;0;0;0;0;0;0;0;0;0;0;0;0;0;0;0;0;0;0;0;0;0;0;0;0;0;0;0;0;0;0;0;0;0;0;0;0;0;0;;;;49;POLICY_ATLAS;POLICY_A_ATLAS
38;POLICY_HUMANISM;TXT_KEY_POLICY_HUMANISM;TXT_KEY_POLICY_HUMANISM_TEXT;;TXT_KEY_POLICY_HUMANISM_HELP;POLICY_BRANCH_RATIONALISM;0;10;4;1;0;0;0;0;0;0;0;0;0;0;0;0;0;0;0;0;0;0;0;0;0;0;0;0;0;0;0;0;0;25;0;0;0;0;0;0;0;0;0;0;0;0;0;0;0;0;0;0;0;0;0;0;0;0;0;0;0;0;0;0;0;0;0;0;0;0;0;0;0;0;0;0;0;0;0;0;0;0;0;0;0;0;0;0;0;0;0;0;0;0;0;0;0;0;0;0;0;0;0;0;0;0;0;0;0;0;0;0;0;0;0;0;0;0;0;0;0;0;0;0;0;0;0;0;0;0;0;0;0;0;0;0;0;0;0;0;;;;52;POLICY_ATLAS;POLICY_A_ATLAS
39;POLICY_FREE_THOUGHT;TXT_KEY_POLICY_FREE_THOUGHT;TXT_KEY_POLICY_FREETHOUGHT_TEXT;;TXT_KEY_POLICY_FREE_THOUGHT_HELP;POLICY_BRANCH_RATIONALISM;0;10;4;2;0;0;0;0;0;0;0;0;0;0;0;0;0;0;0;0;0;0;0;0;0;0;0;0;0;0;0;0;0;0;0;0;0;0;0;0;0;0;0;0;0;0;0;0;0;0;0;0;0;0;0;0;0;0;0;0;0;0;0;0;0;0;0;0;0;0;0;0;0;0;0;0;0;0;0;0;0;0;0;0;0;0;0;0;0;0;0;0;0;0;0;0;0;0;0;0;0;0;0;0;0;0;0;0;0;0;0;0;0;0;0;0;0;0;0;0;0;0;0;0;0;0;0;0;0;0;0;0;0;0;0;0;0;0;0;0;;;;51;POLICY_ATLAS;POLICY_A_ATLAS
40;POLICY_SOVEREIGNTY;TXT_KEY_POLICY_SOVEREIGNTY;TXT_KEY_POLICY_SOVEREIGNTY_TEXT;;TXT_KEY_POLICY_SOVEREIGNTY_HELP;POLICY_BRANCH_RATIONALISM;0;10;2;2;0;0;0;0;0;0;0;0;0;0;0;0;0;0;0;0;0;0;0;0;0;0;0;0;0;0;0;0;0;0;0;0;0;0;0;0;0;0;0;0;0;0;0;0;0;0;0;0;0;0;0;0;0;0;0;0;0;0;0;0;0;0;0;0;0;0;0;0;0;0;0;0;0;0;0;0;0;0;0;0;0;0;0;0;0;0;0;0;0;0;0;0;0;0;0;0;0;0;0;0;0;0;0;0;0;0;0;0;0;0;0;0;0;0;0;0;0;0;0;0;0;0;0;0;0;0;0;0;0;0;0;0;0;0;0;0;;;;50;POLICY_ATLAS;POLICY_A_ATLAS
41;POLICY_SCIENTIFIC_REVOLUTION;TXT_KEY_POLICY_SCIENTIFIC_REVOLUTION;TXT_KEY_POLICY_SCIENTIFICREVOLUTION_TEXT;;TXT_KEY_POLICY_SCIENTIFIC_REVOLUTION_HELP;POLICY_BRANCH_RATIONALISM;0;10;2;3;0;0;0;0;0;0;0;0;0;0;0;0;0;0;0;0;0;0;25;0;0;0;0;0;0;0;0;0;0;0;0;0;0;0;0;0;0;0;0;0;0;0;0;0;0;0;0;0;0;0;0;0;0;0;0;0;0;0;0;0;0;0;0;0;0;0;0;0;0;0;0;0;0;0;0;0;0;0;0;0;0;0;0;0;0;0;0;0;0;0;0;0;0;0;0;0;0;0;0;0;0;0;0;0;0;0;0;0;0;0;0;0;0;0;0;0;0;0;0;0;0;0;0;0;0;0;0;0;0;0;0;0;0;0;1;0;;;;53;POLICY_ATLAS;POLICY_A_ATLAS
42;POLICY_TRADITION_FINISHER;TXT_KEY_POLICY_BRANCH_TRADITION;;;;;0;0;0;0;0;0;0;0;0;0;0;0;0;0;0;0;0;0;0;0;0;0;0;0;0;0;0;0;0;0;0;0;0;0;0;0;0;0;0;0;0;0;0;0;0;0;0;0;0;0;0;0;0;0;0;0;0;0;0;0;0;0;0;0;0;0;0;0;0;0;0;0;0;0;0;0;0;0;0;0;0;0;15;0;0;0;0;0;0;0;0;0;0;4;0;0;0;0;0;0;0;0;0;0;0;0;0;0;0;0;0;0;0;0;0;0;0;0;0;0;0;0;0;0;0;0;0;0;0;0;0;0;0;0;0;0;0;0;0;0;;;;0;;
43;POLICY_LIBERTY_FINISHER;TXT_KEY_POLICY_BRANCH_LIBERTY;;;;;0;0;0;0;0;0;0;0;0;0;0;0;0;0;0;0;0;0;0;0;0;1;0;0;0;0;0;0;0;0;0;0;0;0;0;0;0;0;0;0;0;0;0;0;0;0;0;0;0;0;0;0;0;0;0;0;0;0;0;0;0;0;0;0;0;0;0;0;0;0;0;0;0;0;0;0;0;0;0;0;0;0;0;0;0;0;0;0;0;0;0;0;0;0;0;0;0;0;0;0;0;0;0;0;0;0;0;0;0;0;0;0;0;0;0;0;0;0;0;0;0;0;0;0;0;0;0;0;0;0;0;0;0;0;0;0;0;0;0;1;;;;0;;
44;POLICY_HONOR_FINISHER;TXT_KEY_POLICY_BRANCH_HONOR;;;;;0;0;0;0;0;0;0;0;0;0;0;0;0;100;0;0;0;0;0;0;0;0;0;0;0;0;0;0;0;0;0;0;0;0;0;0;0;0;0;0;0;0;0;0;0;0;0;0;0;0;0;0;0;0;0;0;0;0;0;0;0;0;0;0;0;0;0;0;0;0;0;0;0;0;0;0;0;0;0;0;0;0;0;0;0;0;0;0;0;0;0;0;0;0;0;0;0;0;0;0;0;0;0;0;0;0;0;0;0;0;0;0;0;0;0;0;0;0;0;0;0;0;0;0;0;0;0;0;0;0;0;0;0;0;0;0;0;0;0;0;;;;0;;
45;POLICY_PIETY_FINISHER;TXT_KEY_POLICY_BRANCH_PIETY;;;;;0;0;0;0;0;0;0;0;0;0;0;0;0;0;0;0;0;0;0;0;0;0;0;0;0;0;0;0;0;0;0;0;0;0;0;0;0;0;0;0;0;0;0;0;0;0;0;0;0;0;0;0;0;0;0;0;0;0;0;0;0;0;0;0;0;0;0;0;0;0;0;0;0;0;0;0;0;0;0;0;0;0;0;0;0;0;0;0;0;0;0;0;0;0;0;0;0;0;0;0;0;0;0;0;0;0;0;0;0;0;0;0;0;0;0;0;0;0;0;0;0;0;0;0;0;0;0;0;0;0;0;0;0;0;0;0;0;0;0;1;;;;0;;
46;POLICY_PATRONAGE_FINISHER;TXT_KEY_POLICY_BRANCH_PATRONAGE;;;;;0;0;0;0;0;0;0;0;0;0;0;0;0;0;0;0;0;0;0;0;0;0;0;0;0;0;0;0;0;0;0;0;0;0;0;0;0;0;0;0;0;0;0;0;0;0;0;0;0;0;0;0;0;0;0;0;0;0;0;0;0;0;0;0;0;0;0;0;0;0;0;0;0;0;0;0;0;0;0;0;0;0;0;0;0;0;0;0;0;0;0;0;0;0;0;0;0;0;0;0;0;0;0;0;0;0;0;0;0;0;0;0;0;0;0;0;0;0;0;0;0;0;0;0;0;0;0;0;1;0;0;0;0;0;0;0;0;0;0;0;;;;0;;
47;POLICY_COMMERCE_FINISHER;TXT_KEY_POLICY_BRANCH_COMMERCE;;;;;0;0;0;0;0;0;0;0;0;0;0;0;0;0;0;0;0;0;0;0;0;0;0;0;0;0;0;0;0;0;0;0;0;0;0;0;0;0;0;0;0;0;0;0;0;0;0;0;0;0;0;0;0;0;0;0;0;0;0;0;0;0;0;0;0;0;0;0;0;0;0;0;0;0;0;0;0;0;0;0;0;0;0;0;0;0;0;0;0;0;0;0;0;0;0;0;0;0;0;0;0;0;0;0;0;0;0;0;0;0;0;0;0;0;0;0;0;0;0;0;0;0;0;0;0;0;0;0;0;0;0;0;0;0;0;0;0;0;0;0;;;;0;;
48;POLICY_RATIONALISM_FINISHER;TXT_KEY_POLICY_BRANCH_RATIONALISM;;;;;0;0;0;0;0;0;0;0;0;0;0;0;0;0;0;0;0;0;0;1;0;0;0;0;0;0;0;0;0;0;0;0;0;0;0;0;0;0;0;0;0;0;0;0;0;0;0;0;0;0;0;0;0;0;0;0;0;0;0;0;0;0;0;0;0;0;0;0;0;0;0;0;0;0;0;0;0;0;0;0;0;0;0;0;0;0;0;0;0;0;0;0;0;0;0;0;0;0;0;0;0;0;0;0;0;0;0;0;0;0;0;0;0;0;0;0;0;0;0;0;0;0;0;0;0;0;0;0;0;0;0;0;0;0;0;0;0;0;1;0;;;;0;;
49;POLICY_AESTHETICS;TXT_KEY_POLICY_AESTHETICS;TXT_KEY_POLICY_AESTHETICS_TEXT;;TXT_KEY_POLICY_BRANCH_AESTHETICS_HELP;;0;0;0;0;0;0;0;0;0;0;0;0;0;0;0;0;0;0;0;0;0;0;0;0;0;0;0;0;0;25;25;25;0;0;0;0;0;0;0;0;0;0;0;0;0;0;0;0;0;0;0;0;0;0;0;0;0;0;0;0;0;0;0;0;0;0;0;0;0;0;0;0;0;0;0;0;0;0;0;0;0;0;0;0;0;0;0;0;0;0;0;0;0;0;0;0;0;0;0;0;0;0;0;0;0;0;0;0;0;0;0;0;0;0;0;0;0;0;0;0;0;0;0;0;0;0;0;0;0;0;0;0;0;0;0;0;0;0;0;0;;;;6;POLICY_ATLAS;POLICY_A_ATLAS
50;POLICY_CULTURAL_CENTERS;TXT_KEY_POLICY_CULTURAL_CENTERS;TXT_KEY_POLICY_CULTURAL_CENTERS_TEXT;;TXT_KEY_POLICY_CULTURAL_CENTERS_HELP;POLICY_BRANCH_AESTHETICS;0;10;2;1;0;0;0;0;0;0;0;0;0;0;0;0;0;0;0;0;0;0;0;0;0;0;0;0;0;0;0;0;0;0;0;0;0;0;0;0;0;0;0;0;0;0;0;0;0;0;0;0;0;0;0;0;0;0;0;0;0;0;0;0;0;0;0;0;0;0;0;0;0;0;0;0;0;0;0;0;0;0;0;0;0;0;0;0;0;0;0;0;0;0;0;0;0;0;0;0;0;0;0;0;0;0;0;0;0;0;0;0;0;0;0;0;0;0;0;0;0;0;0;0;0;0;0;0;0;0;0;0;0;0;0;0;0;0;0;0;;;;2;POLICY_ATLAS_EXP2;POLICY_A_ATLAS_EXP2
51;POLICY_FINE_ARTS;TXT_KEY_POLICY_FINE_ARTS;TXT_KEY_POLICY_FINE_ARTS_TEXT;;TXT_KEY_POLICY_FINE_ARTS_HELP;POLICY_BRANCH_AESTHETICS;0;10;4;1;0;0;0;0;0;0;0;0;0;0;0;0;0;0;0;0;0;0;0;0;0;0;0;0;0;0;0;0;0;0;0;0;0;0;0;0;0;0;0;0;0;0;0;0;0;0;0;0;0;0;0;0;0;0;0;0;0;0;0;0;0;0;0;0;0;0;0;0;0;0;0;0;0;0;0;0;0;0;0;0;0;0;0;0;0;0;50;0;0;0;0;0;0;0;0;0;0;0;0;0;0;0;0;0;0;0;0;0;0;0;0;0;0;0;0;0;0;0;0;0;0;0;0;0;0;0;0;0;0;0;0;0;0;0;0;0;;;;4;POLICY_ATLAS_EXP2;POLICY_A_ATLAS_EXP2
52;POLICY_FLOURISHING_OF_ARTS;TXT_KEY_POLICY_FLOURISHING_OF_ARTS;TXT_KEY_POLICY_FLOURISHING_OF_ARTS_TEXT;;TXT_KEY_POLICY_FLOURISHING_OF_ARTS_HELP;POLICY_BRANCH_AESTHETICS;0;10;2;2;0;0;0;0;33;0;0;0;0;0;0;0;10;0;0;0;0;0;0;0;0;0;0;0;0;0;0;0;0;0;0;0;0;0;0;0;0;0;0;0;0;0;0;0;0;0;0;0;0;0;0;0;0;0;0;0;0;0;0;0;0;0;0;0;0;0;0;0;0;0;0;0;0;0;0;0;0;0;0;0;0;0;0;0;0;0;0;0;0;0;0;0;0;0;0;0;0;0;0;0;0;0;0;0;0;0;0;0;0;0;0;0;0;0;0;0;0;0;0;0;0;0;0;0;0;0;0;0;0;0;0;0;0;0;0;0;;;;5;POLICY_ATLAS_EXP2;POLICY_A_ATLAS_EXP2
53;POLICY_ARTISTIC_GENIUS;TXT_KEY_POLICY_ARTISTIC_GENIUS;TXT_KEY_POLICY_ARTISTIC_GENIUS_TEXT;;TXT_KEY_POLICY_ARTISTIC_GENIUS_HELP;POLICY_BRANCH_AESTHETICS;0;10;4;2;0;0;0;0;0;0;0;0;0;0;0;0;0;0;0;0;0;0;0;0;0;0;0;0;0;0;0;0;0;0;0;0;0;0;0;0;0;0;0;0;0;0;0;0;0;0;0;0;0;0;0;0;0;0;0;0;0;0;0;0;0;0;0;0;0;0;0;0;0;0;0;0;0;0;0;0;0;0;0;0;0;0;0;0;0;0;0;0;0;0;0;0;0;0;0;0;0;0;0;0;0;0;0;0;0;0;0;0;0;0;0;0;0;0;0;0;0;0;0;0;0;0;0;0;0;0;0;0;0;0;0;0;0;0;0;1;;;;0;POLICY_ATLAS_EXP2;POLICY_A_ATLAS_EXP2
54;POLICY_ETHICS;TXT_KEY_POLICY_ETHICS;TXT_KEY_POLICY_ETHICS_TEXT;;TXT_KEY_POLICY_ETHICS_HELP;POLICY_BRANCH_AESTHETICS;0;10;2;3;0;0;0;0;0;0;0;0;0;0;0;0;0;0;0;0;0;0;0;0;0;0;0;0;0;0;0;0;0;0;0;0;0;0;0;0;0;0;0;0;0;0;0;0;0;0;0;0;0;0;0;0;0;0;0;0;0;0;0;0;0;0;0;0;0;0;0;0;0;0;0;0;0;0;0;0;0;0;0;0;0;0;0;0;0;0;0;0;0;0;0;0;0;0;0;0;0;0;0;0;0;0;0;0;0;0;0;0;0;0;0;0;0;0;0;0;0;0;0;0;0;15;15;15;0;0;0;0;0;0;0;0;0;0;0;0;;;;1;EXPANSIONPATCH_POLICY_ATLAS;EXPANSIONPATCH_POLICY_ACHIEVED_ATLAS
55;POLICY_AESTHETICS_FINISHER;TXT_KEY_POLICY_BRANCH_AESTHETICS;;;;;0;0;0;0;0;0;0;0;0;0;0;0;0;0;0;0;0;0;0;0;0;0;0;0;0;0;0;0;0;0;0;0;0;0;0;0;0;0;0;0;0;0;0;0;0;0;0;0;0;0;0;0;0;0;0;0;0;0;0;0;0;0;0;0;0;0;0;0;0;0;0;0;0;0;0;0;0;0;0;0;0;0;0;0;0;0;0;0;0;0;0;0;0;0;0;0;0;0;0;0;0;0;0;0;0;0;0;0;0;0;0;0;0;0;0;0;0;0;0;0;0;0;0;100;0;0;0;0;0;0;0;0;0;0;0;0;0;0;0;0;;;;0;;
56;POLICY_EXPLORATION;TXT_KEY_POLICY_BRANCH_EXPLORATION;TXT_KEY_POLICY_EXPLORATION_TEXT;;TXT_KEY_POLICY_BRANCH_EXPLORATION_HELP;;0;0;0;0;0;0;0;0;0;0;0;0;0;0;0;0;0;0;0;0;0;0;0;0;0;0;0;0;0;0;0;0;0;0;0;0;0;0;0;0;0;0;0;0;0;0;0;0;0;0;0;0;0;0;0;0;0;0;0;0;0;0;0;0;0;0;0;0;0;0;0;0;0;0;0;0;0;0;0;0;0;0;0;0;0;0;0;0;0;0;0;0;0;0;0;0;0;0;0;0;0;0;0;0;0;0;0;0;0;0;0;0;0;0;0;0;0;0;0;0;0;0;0;0;0;0;0;0;0;0;0;0;0;0;0;0;0;0;0;0;;;;6;POLICY_ATLAS;POLICY_A_ATLAS
57;POLICY_MARITIME_INFRASTRUCTURE;TXT_KEY_POLICY_MARITIME_INFRASTRUCTURE;TXT_KEY_POLICY_MARITIME_INFRASTRUCTURE_TEXT;;TXT_KEY_POLICY_MARITIME_INFRASTRUCTURE_HELP;POLICY_BRANCH_EXPLORATION;0;10;2;1;0;0;0;0;0;0;0;0;0;0;0;0;0;0;0;0;0;0;0;0;0;0;0;0;0;0;0;0;0;0;0;0;0;0;0;0;0;0;0;0;0;0;0;0;0;0;0;0;0;0;0;0;0;0;0;0;0;0;0;0;0;0;0;0;0;0;0;0;0;0;0;0;0;0;0;0;0;0;0;0;0;0;0;0;0;0;0;0;0;0;0;0;0;0;0;0;0;0;0;0;0;0;0;0;0;0;0;0;0;0;0;0;0;0;0;0;0;0;0;0;0;0;0;0;0;0;0;0;0;0;0;0;0;0;0;0;;;;6;POLICY_ATLAS_EXP2;POLICY_A_ATLAS_EXP2
58;POLICY_NAVAL_TRADITION;TXT_KEY_POLICY_NAVAL_TRADITION;TXT_KEY_POLICY_NAVALTRADITION_TEXT;;TXT_KEY_POLICY_NAVAL_TRADITION_HELP;POLICY_BRANCH_EXPLORATION;0;10;4;1;0;0;0;0;0;0;0;0;0;0;0;0;0;0;0;0;0;0;0;0;0;0;0;0;0;0;0;0;0;0;0;0;0;0;0;0;0;0;0;0;0;0;0;0;0;0;0;0;0;0;0;0;0;0;0;0;0;0;0;0;0;0;0;0;0;0;0;0;0;0;0;0;0;0;0;0;0;0;0;0;0;0;0;0;0;0;0;0;0;0;0;0;0;0;0;0;0;0;0;0;0;0;0;0;0;0;0;0;0;0;0;0;0;0;0;0;0;0;0;0;0;0;0;0;0;0;0;0;0;0;0;0;0;0;0;0;;;;8;POLICY_ATLAS;POLICY_A_ATLAS
59;POLICY_MERCHANT_NAVY;TXT_KEY_POLICY_MERCHANT_NAVY;TXT_KEY_POLICY_MERCHANTNAVY_TEXT;;TXT_KEY_POLICY_MERCHANT_NAVY_HELP;POLICY_BRANCH_EXPLORATION;0;10;2;2;0;0;0;0;0;0;0;0;0;0;0;0;0;0;0;0;0;0;0;0;0;0;0;0;0;0;0;0;0;0;0;0;0;0;0;0;0;0;0;0;0;0;0;0;0;0;0;0;0;0;0;0;0;0;0;0;0;0;0;0;0;0;0;0;0;0;0;0;0;0;0;0;0;0;0;0;0;0;0;0;0;0;0;0;0;0;0;0;0;0;0;0;0;0;0;0;0;0;0;0;0;0;0;0;0;0;0;0;0;0;0;0;0;0;0;0;0;0;0;0;0;0;0;0;0;0;0;0;0;0;0;0;0;0;0;0;;;;10;POLICY_ATLAS;POLICY_A_ATLAS
60;POLICY_NAVIGATION_SCHOOL;TXT_KEY_POLICY_NAVIGATION_SCHOOL;TXT_KEY_POLICY_NAVIGATION_SCHOOL_TEXT;;TXT_KEY_POLICY_NAVIGATION_SCHOOL_HELP;POLICY_BRANCH_EXPLORATION;0;10;4;2;0;0;0;0;0;0;0;0;0;0;0;0;0;0;0;0;0;0;0;0;0;0;0;0;50;0;0;0;0;0;0;0;0;0;0;0;0;0;0;0;0;0;0;0;0;0;0;0;0;0;0;0;0;0;0;0;0;0;0;0;0;0;0;0;0;0;0;0;0;0;0;0;0;0;0;0;0;0;0;0;0;0;0;0;0;0;0;0;0;0;0;0;0;0;0;0;0;0;0;0;0;0;0;0;0;0;0;0;0;0;0;0;0;0;0;0;0;0;0;0;0;0;0;0;0;0;0;0;0;0;0;0;0;0;0;1;;;;7;POLICY_ATLAS_EXP2;POLICY_A_ATLAS_EXP2
61;POLICY_TREASURE_FLEETS;TXT_KEY_POLICY_TREASURE_FLEETS;TXT_KEY_POLICY_TREASURE_FLEETS_TEXT;;TXT_KEY_POLICY_TREASURE_FLEETS_HELP;POLICY_BRANCH_EXPLORATION;0;10;2;3;0;0;0;0;0;0;0;0;0;0;0;0;0;0;0;0;0;0;0;0;0;0;0;0;0;0;0;0;0;0;0;0;0;0;0;0;0;0;0;0;0;0;0;0;0;0;0;0;0;0;0;0;0;0;0;0;0;0;0;0;0;0;0;0;0;0;0;0;0;0;0;0;0;0;0;0;0;0;0;0;0;0;0;0;0;0;0;0;0;0;0;0;0;0;0;0;0;0;0;0;0;0;0;0;0;0;0;0;0;0;0;200;0;0;0;0;0;0;0;0;0;0;0;0;0;0;0;0;0;0;0;0;0;0;0;0;;;;8;POLICY_ATLAS_EXP2;POLICY_A_ATLAS_EXP2
62;POLICY_EXPLORATION_FINISHER;TXT_KEY_POLICY_BRANCH_EXPLORATION;;;;;0;0;0;0;0;0;0;0;0;0;0;0;0;0;0;0;0;0;0;0;0;0;0;0;0;0;0;0;0;0;0;0;0;0;0;0;0;0;0;0;0;0;0;0;0;0;0;0;0;0;0;0;0;0;0;0;0;0;0;0;0;0;0;0;0;0;0;0;0;0;0;0;0;0;0;0;0;0;0;0;0;0;0;0;0;0;0;0;0;0;0;0;0;0;0;0;0;0;0;0;0;0;0;0;0;0;0;0;0;0;0;0;0;0;0;0;0;0;0;0;0;0;0;0;0;0;0;0;0;0;0;0;0;0;0;0;0;0;0;0;;;;0;;
63;POLICY_OPEN_SOCIETY;TXT_KEY_POLICY_OPEN_SOCIETY;TXT_KEY_POLICY_OPEN_SOCIETY_TEXT;;TXT_KEY_POLICY_OPEN_SOCIETY_HELP;POLICY_BRANCH_FREEDOM;0;10;0;0;1;0;0;0;0;0;0;0;0;0;0;0;0;0;0;0;0;0;0;0;0;0;25;0;0;0;0;0;0;0;0;0;0;0;0;0;0;0;0;0;0;0;0;0;0;0;0;0;0;0;0;0;0;0;0;0;0;0;0;0;0;0;0;0;0;0;0;0;0;0;0;0;0;0;0;0;0;0;0;0;0;0;0;0;0;0;0;0;0;0;0;0;0;0;0;0;0;0;0;0;0;0;0;0;0;0;0;0;0;0;0;0;0;0;0;0;0;0;0;0;0;0;0;0;0;0;0;0;0;0;0;0;0;0;0;0;;;;25;POLICY_ATLAS;POLICY_A_ATLAS
64;POLICY_CREATIVE_EXPRESSION;TXT_KEY_POLICY_CREATIVE_EXPRESSION;TXT_KEY_POLICY_CREATIVE_EXPRESSION_TEXT;;TXT_KEY_POLICY_CREATIVE_EXPRESSION_HELP;POLICY_BRANCH_FREEDOM;0;10;0;0;1;0;0;0;0;0;0;0;0;0;0;0;0;0;0;0;0;0;0;0;0;0;0;0;0;0;0;0;0;0;0;0;0;0;0;0;0;0;0;0;0;0;0;0;0;0;0;0;0;0;0;0;0;0;0;0;0;0;0;0;0;0;0;0;0;0;0;0;0;0;0;0;0;0;0;0;0;0;0;0;0;0;0;0;0;0;0;0;0;0;0;0;0;0;0;0;0;0;0;0;0;0;0;0;0;0;0;0;0;0;0;0;0;0;0;0;0;0;0;0;0;0;0;0;0;0;0;0;0;0;0;0;0;0;0;0;;;;25;POLICY_ATLAS;POLICY_A_ATLAS
65;POLICY_CIVIL_SOCIETY;TXT_KEY_POLICY_CIVIL_SOCIETY;TXT_KEY_POLICY_CIVILSOCIETY_TEXT;;TXT_KEY_POLICY_CIVIL_SOCIETY_HELP;POLICY_BRANCH_FREEDOM;0;10;0;0;1;0;0;0;0;0;0;0;0;0;0;0;0;0;0;0;0;0;0;0;0;0;0;0;0;0;0;0;0;0;0;0;0;0;0;0;0;0;0;0;0;0;0;0;0;0;0;0;0;0;0;0;0;0;0;0;0;0;0;0;0;0;0;0;0;0;0;0;0;0;0;0;0;0;0;0;0;0;0;0;0;0;0;0;0;0;0;0;0;0;0;1;0;0;0;0;0;0;0;0;0;0;0;0;0;0;0;0;0;0;0;0;0;0;0;0;0;0;0;0;0;0;0;0;0;0;0;0;0;0;0;0;0;0;0;0;;;;25;POLICY_ATLAS;POLICY_A_ATLAS
66;POLICY_VOLUNTEER_ARMY;TXT_KEY_POLICY_VOLUNTEER_ARMY;TXT_KEY_POLICY_VOLUNTEER_ARMY_TEXT;;TXT_KEY_POLICY_VOLUNTEER_ARMY_HELP;POLICY_BRANCH_FREEDOM;0;10;0;0;2;0;0;0;0;0;0;0;0;0;0;0;0;0;0;0;0;0;0;0;0;0;0;0;0;0;0;0;0;0;0;0;0;0;0;0;0;0;0;0;0;0;0;0;0;6;0;0;0;0;0;0;0;0;0;0;0;0;0;0;0;0;0;0;0;0;0;0;0;0;0;0;0;0;0;0;0;0;0;0;0;0;0;0;0;0;0;0;0;0;0;0;0;0;0;0;0;0;0;0;0;0;0;0;0;0;0;0;0;0;0;0;0;0;0;0;0;0;0;0;0;0;0;0;0;0;0;0;0;0;0;0;0;0;0;1;;;;25;POLICY_ATLAS;POLICY_A_ATLAS
67;POLICY_COVERT_ACTION;TXT_KEY_POLICY_COVERT_ACTION;TXT_KEY_POLICY_COVERT_ACTION_TEXT;;TXT_KEY_POLICY_COVERT_ACTION_HELP;POLICY_BRANCH_FREEDOM;0;10;0;0;1;0;0;0;0;0;0;0;0;0;0;0;0;0;0;0;0;0;0;0;0;0;0;0;0;0;0;0;0;0;0;0;0;0;0;0;0;0;0;0;0;0;0;0;0;0;0;0;0;0;0;0;0;0;0;0;0;0;0;0;0;0;0;0;0;0;0;0;0;0;0;0;0;0;0;0;0;0;0;0;0;0;0;0;0;0;0;0;0;0;0;0;0;0;0;0;0;0;0;0;0;0;0;0;0;0;0;0;0;0;0;0;0;100;0;0;0;0;0;0;0;0;0;0;0;0;0;0;0;0;0;0;0;0;0;0;;;;25;POLICY_ATLAS;POLICY_A_ATLAS
68;POLICY_URBANIZATION;TXT_KEY_POLICY_URBANIZATION;TXT_KEY_POLICY_URBANIZATION_TEXT;;TXT_KEY_POLICY_URBANIZATION_HELP;POLICY_BRANCH_FREEDOM;0;10;0;0;2;0;0;0;0;0;0;0;0;0;0;0;0;0;0;0;0;0;0;0;0;0;0;0;0;0;0;0;0;0;0;0;0;0;0;0;0;0;0;0;0;0;0;0;0;0;0;0;0;0;0;0;0;0;0;0;0;0;0;0;0;0;0;0;0;0;0;0;0;0;0;0;0;0;0;0;0;0;0;0;0;0;0;0;0;0;0;0;0;0;0;0;0;0;0;0;0;0;0;0;0;0;0;0;0;0;0;0;0;0;0;0;0;0;0;0;0;0;0;0;0;0;0;0;0;0;0;0;0;0;0;0;0;0;0;0;;;;25;POLICY_ATLAS;POLICY_A_ATLAS
69;POLICY_CAPITALISM;TXT_KEY_POLICY_CAPITALISM;TXT_KEY_POLICY_CAPITALISM_TEXT;;TXT_KEY_POLICY_CAPITALISM_HELP;POLICY_BRANCH_FREEDOM;0;10;0;0;1;0;0;0;0;0;0;0;0;0;0;0;0;0;0;0;0;0;0;0;0;0;0;0;0;0;0;0;0;0;0;0;0;0;0;0;0;0;0;0;0;0;0;0;0;0;0;0;0;0;0;0;0;0;0;0;0;0;0;0;0;0;0;0;0;0;0;0;0;0;0;0;0;0;0;0;0;0;0;0;0;0;0;0;0;0;0;0;0;0;0;0;0;0;0;0;0;0;0;0;0;0;0;0;0;0;0;0;0;0;0;0;0;0;0;0;0;0;0;0;0;0;0;0;0;0;0;0;0;0;0;0;0;0;0;0;;;;25;POLICY_ATLAS;POLICY_A_ATLAS
70;POLICY_ECONOMIC_UNION;TXT_KEY_POLICY_ECONOMIC_UNION;TXT_KEY_POLICY_ECONOMIC_UNION_TEXT;;TXT_KEY_POLICY_ECONOMIC_UNION_HELP;POLICY_BRANCH_FREEDOM;0;10;0;0;1;0;0;0;0;0;0;0;0;0;0;0;0;0;0;0;0;0;0;0;0;0;0;0;0;0;0;0;0;0;0;0;0;0;0;0;0;0;0;0;0;0;0;0;0;0;0;0;0;0;0;0;0;0;0;0;0;0;0;0;0;0;0;0;0;0;0;0;0;0;0;0;0;0;0;0;0;0;0;0;0;0;0;0;0;0;0;0;0;0;0;0;0;0;0;0;0;0;0;0;0;0;0;0;0;0;0;0;0;0;0;0;3;0;0;0;0;0;0;0;0;0;0;0;0;0;0;0;0;0;0;0;0;0;0;0;;;;25;POLICY_ATLAS;POLICY_A_ATLAS
71;POLICY_THEIR_FINEST_HOUR;TXT_KEY_POLICY_THEIR_FINEST_HOUR;TXT_KEY_POLICY_THEIR_FINEST_HOUR_TEXT;;TXT_KEY_POLICY_THEIR_FINEST_HOUR_HELP;POLICY_BRANCH_FREEDOM;0;10;0;0;2;0;0;0;0;0;0;0;0;0;0;0;0;0;0;0;0;0;0;0;0;0;0;0;0;0;0;0;0;0;0;0;0;0;0;0;0;0;0;0;0;0;0;0;0;0;0;0;0;0;0;0;0;0;0;0;0;0;0;0;0;0;0;0;0;0;0;0;0;0;0;0;0;0;0;0;0;33;0;0;0;0;0;0;0;0;0;0;0;0;0;0;0;0;0;0;0;0;0;0;0;0;0;0;0;0;0;0;0;0;0;0;0;0;0;0;0;0;0;0;0;0;0;0;0;0;0;0;0;0;0;0;0;0;0;0;;;;25;POLICY_ATLAS;POLICY_A_ATLAS
72;POLICY_UNIVERSAL_SUFFRAGE;TXT_KEY_POLICY_UNIVERSAL_SUFFRAGE;TXT_KEY_POLICY_UNIVERSALSUFFRAGE_TEXT;;TXT_KEY_POLICY_UNIVERSAL_SUFFRAGE_HELP;POLICY_BRANCH_FREEDOM;0;10;0;0;2;0;0;0;0;0;0;0;0;0;0;0;0;0;50;0;0;0;0;0;0;0;0;0;0;0;0;0;0;0;0;0;0;0;0;0;0;0;0;0;0;0;0;0;0;0;0;0;0;0;0;0;0;0;0;0;0;0;0;0;0;0;0;0;0;0;0;0;0;0;0;0;0;0;0;0;0;0;0;0;0;0;0;0;0;0;0;0;0;0;1;0;0;0;0;0;0;0;0;0;0;0;0;0;0;0;0;0;0;0;0;0;0;0;0;0;0;0;0;0;0;0;0;0;0;0;0;0;0;0;0;0;0;0;0;0;;;;25;POLICY_ATLAS;POLICY_A_ATLAS
73;POLICY_NEW_DEAL;TXT_KEY_POLICY_NEW_DEAL;TXT_KEY_POLICY_NEW_DEAL_TEXT;;TXT_KEY_POLICY_NEW_DEAL_HELP;POLICY_BRANCH_FREEDOM;0;10;0;0;2;0;0;0;0;0;0;0;0;0;0;0;0;0;0;0;0;0;0;0;0;0;0;0;0;0;0;0;0;0;0;0;0;0;0;0;0;0;0;0;0;0;0;0;0;0;0;0;0;0;0;0;0;0;0;0;0;0;0;0;0;0;0;0;0;0;0;0;0;0;0;0;0;0;0;0;0;0;0;0;0;0;0;0;0;0;0;0;0;0;0;0;0;0;0;0;0;0;0;0;0;0;0;0;0;0;0;0;0;0;0;0;0;0;0;0;0;0;0;0;0;0;0;0;0;0;0;0;0;0;0;0;0;0;0;0;;;;25;POLICY_ATLAS;POLICY_A_ATLAS
74;POLICY_ARSENAL_DEMOCRACY;TXT_KEY_POLICY_ARSENAL_DEMOCRACY;TXT_KEY_POLICY_ARSENAL_DEMOCRACY_TEXT;;TXT_KEY_POLICY_ARSENAL_DEMOCRACY_HELP;POLICY_BRANCH_FREEDOM;0;10;0;0;2;0;0;0;0;0;0;0;0;0;0;0;0;0;0;0;0;0;0;0;0;0;0;0;0;0;0;0;0;0;0;0;0;0;0;0;0;0;0;0;0;0;0;0;15;0;0;0;0;0;0;0;0;0;0;0;0;0;0;0;0;0;0;0;0;0;0;0;0;0;0;0;0;0;0;0;0;0;0;0;0;0;0;0;0;0;0;0;0;0;0;0;0;0;0;0;0;0;0;0;0;0;0;0;0;0;0;0;0;0;0;0;0;0;15;0;0;0;0;0;0;0;0;0;0;0;0;0;0;0;0;0;0;0;0;0;;;;25;POLICY_ATLAS;POLICY_A_ATLAS
75;POLICY_MEDIA_CULTURE;TXT_KEY_POLICY_MEDIA_CULTURE;TXT_KEY_POLICY_MEDIA_CULTURE_TEXT;;TXT_KEY_POLICY_MEDIA_CULTURE_HELP;POLICY_BRANCH_FREEDOM;0;10;0;0;3;0;0;0;0;0;0;0;0;0;0;0;0;0;0;0;0;0;0;0;0;0;0;0;0;0;0;0;0;0;0;0;0;0;0;0;0;0;0;0;0;0;0;0;0;0;0;0;0;0;0;0;0;0;0;0;0;0;0;0;0;0;0;0;0;0;0;0;0;0;0;0;0;0;0;0;0;0;0;0;0;0;0;0;0;0;0;0;0;0;0;0;0;0;0;0;0;0;0;0;0;0;0;0;0;0;0;0;0;0;0;0;0;0;0;0;0;0;0;0;0;0;0;0;0;0;0;0;0;0;0;0;0;0;0;0;;;;25;POLICY_ATLAS;POLICY_A_ATLAS
76;POLICY_TREATY_ORGANIZATION;TXT_KEY_POLICY_TREATY_ORGANIZATION;TXT_KEY_POLICY_TREATY_ORGANIZATION_TEXT;;TXT_KEY_POLICY_TREATY_ORGANIZATION_HELP;POLICY_BRANCH_FREEDOM;0;10;0;0;3;0;0;0;0;0;0;0;0;0;0;0;0;0;0;0;0;0;0;0;0;0;0;0;0;0;0;0;0;0;0;0;0;0;0;0;0;0;0;0;0;0;0;0;0;0;0;0;0;0;0;0;0;0;0;0;0;0;0;0;0;0;0;0;0;0;0;0;0;0;0;0;0;0;0;0;0;0;0;0;0;0;0;0;0;0;0;0;0;0;0;0;0;0;0;0;0;0;0;0;0;0;0;0;0;0;0;0;0;0;0;0;0;0;0;400;0;0;0;0;0;0;0;0;0;0;0;0;0;0;0;0;0;0;0;0;;;;25;POLICY_ATLAS;POLICY_A_ATLAS
77;POLICY_SPACE_PROCUREMENTS;TXT_KEY_POLICY_SPACE_PROCUREMENTS;TXT_KEY_POLICY_SPACE_PROCUREMENTS_TEXT;;TXT_KEY_POLICY_SPACE_PROCUREMENTS_HELP;POLICY_BRANCH_FREEDOM;0;10;0;0;3;0;0;0;0;0;0;0;0;0;0;0;0;0;0;0;0;0;0;0;0;0;0;0;0;0;0;0;0;0;0;0;0;0;0;0;0;0;0;0;0;0;0;0;0;0;0;0;0;0;0;0;0;0;0;0;0;0;0;0;0;0;0;0;0;0;0;0;0;0;0;0;0;0;0;0;0;0;0;0;0;0;0;0;0;0;0;0;0;0;0;0;0;0;0;0;0;0;0;0;0;0;0;0;0;0;0;0;0;0;0;0;0;0;0;0;0;0;0;0;0;0;0;0;0;0;0;0;0;0;0;0;1;0;0;0;;;;25;POLICY_ATLAS;POLICY_A_ATLAS
78;POLICY_HERO_OF_THE_PEOPLE;TXT_KEY_POLICY_HERO_OF_THE_PEOPLE;TXT_KEY_POLICY_HERO_OF_THE_PEOPLE_TEXT;;TXT_KEY_POLICY_HERO_OF_THE_PEOPLE_HELP;POLICY_BRANCH_ORDER;0;10;0;0;1;0;0;0;0;0;0;0;0;0;0;0;0;0;0;0;0;0;0;0;0;0;25;0;0;0;0;0;0;0;0;0;0;0;0;0;0;0;0;0;0;0;0;0;0;0;0;0;0;0;0;0;0;0;0;0;0;0;0;0;0;0;0;0;0;0;0;0;0;0;0;0;0;0;0;0;0;0;0;0;0;0;0;0;0;0;0;0;0;0;0;0;0;0;0;0;0;0;0;0;0;0;0;0;0;0;0;0;0;0;0;0;0;0;0;0;0;0;0;0;0;0;0;0;0;0;0;0;0;0;0;0;0;0;0;0;;;;11;POLICY_ATLAS_EXP2;POLICY_A_ATLAS_EXP2
79;POLICY_SOCIALIST_REALISM;TXT_KEY_POLICY_SOCIALIST_REALISM;TXT_KEY_POLICY_SOCIALIST_REALISM_TEXT;;TXT_KEY_POLICY_SOCIALIST_REALISM_HELP;POLICY_BRANCH_ORDER;0;10;0;0;1;0;0;0;0;0;0;0;0;0;0;0;0;0;0;0;0;0;0;0;0;0;0;0;0;0;0;0;0;0;0;0;0;0;0;0;0;0;0;0;0;0;0;0;0;0;0;0;0;0;0;0;0;0;0;0;0;0;0;0;0;0;0;0;0;0;0;0;0;0;0;0;0;0;0;0;0;0;0;0;0;0;0;0;0;0;0;0;0;0;0;0;0;0;0;0;0;0;0;0;0;0;0;0;0;0;0;0;0;0;0;0;0;0;0;0;0;0;0;0;0;0;0;0;0;0;0;0;0;0;0;0;0;0;0;0;;;;11;POLICY_ATLAS_EXP2;POLICY_A_ATLAS_EXP2
80;POLICY_SKYSCRAPERS;TXT_KEY_POLICY_SKYSCRAPERS;TXT_KEY_POLICY_SKYSCRAPERS_TEXT;;TXT_KEY_POLICY_SKYSCRAPERS_HELP;POLICY_BRANCH_ORDER;0;10;0;0;1;0;0;0;0;0;0;0;0;0;0;0;0;0;0;0;0;0;0;0;0;0;0;0;0;0;0;0;0;0;0;0;0;0;0;0;0;0;0;0;0;0;0;0;0;0;0;0;0;0;0;0;0;0;0;0;0;0;0;0;0;0;-33;0;0;0;0;0;0;0;0;0;0;0;0;0;0;0;0;0;0;0;0;0;0;0;0;0;0;0;0;0;0;0;0;0;0;0;0;0;0;0;0;0;0;0;0;0;0;0;0;0;0;0;0;0;0;0;0;0;0;0;0;0;0;0;0;0;0;0;0;0;0;0;0;0;;;;11;POLICY_ATLAS_EXP2;POLICY_A_ATLAS_EXP2
81;POLICY_PATRIOTIC_WAR;TXT_KEY_POLICY_PATRIOTIC_WAR;TXT_KEY_POLICY_PATRIOTIC_WAR_TEXT;;TXT_KEY_POLICY_PATRIOTIC_WAR_HELP;POLICY_BRANCH_ORDER;0;10;0;0;1;0;0;0;0;0;0;0;0;0;0;0;0;0;0;0;0;0;0;0;0;0;0;0;0;0;0;0;0;0;0;0;0;0;0;0;0;0;0;0;0;0;0;0;0;0;0;0;0;0;0;0;0;0;0;0;0;0;0;0;0;0;0;0;0;0;0;0;0;0;0;0;0;0;0;0;0;0;0;0;0;0;0;0;0;0;0;0;0;0;0;0;0;0;0;0;0;0;0;0;0;0;0;0;0;0;0;0;0;0;0;0;0;0;0;0;0;0;0;0;0;0;0;0;0;0;0;0;0;0;0;0;0;0;0;0;;;;11;POLICY_ATLAS_EXP2;POLICY_A_ATLAS_EXP2
82;POLICY_DOUBLE_AGENTS;TXT_KEY_POLICY_DOUBLE_AGENTS;TXT_KEY_POLICY_DOUBLE_AGENTS_TEXT;;TXT_KEY_POLICY_DOUBLE_AGENTS_HELP;POLICY_BRANCH_ORDER;0;10;0;0;1;0;0;0;0;0;0;0;0;0;0;0;0;0;0;0;0;0;0;0;0;0;0;0;0;0;0;0;0;0;0;0;0;0;0;0;0;0;0;0;0;0;0;0;0;0;0;0;0;0;0;0;0;0;0;0;0;0;0;0;0;0;0;0;0;0;0;0;0;100;0;0;0;0;0;0;0;0;0;0;0;0;0;0;0;0;0;0;0;0;0;0;0;0;0;0;0;0;0;0;0;0;0;0;0;0;0;0;0;0;0;0;0;0;0;0;0;0;0;0;0;0;0;0;0;0;0;0;0;0;0;0;0;0;0;0;;;;11;POLICY_ATLAS_EXP2;POLICY_A_ATLAS_EXP2
83;POLICY_YOUNG_PIONEERS;TXT_KEY_POLICY_YOUNG_PIONEERS;TXT_KEY_POLICY_YOUNG_PIONEERS_TEXT;;TXT_KEY_POLICY_YOUNG_PIONEERS_HELP;POLICY_BRANCH_ORDER;0;10;0;0;1;0;0;0;0;0;0;0;0;0;0;0;0;0;0;0;0;0;0;0;0;0;0;0;0;0;0;0;0;0;0;0;0;0;0;0;0;0;0;0;0;0;0;0;0;0;0;0;0;0;0;0;0;0;0;0;0;0;0;0;0;0;0;0;0;0;0;0;0;0;0;0;0;0;0;0;0;0;0;0;0;0;0;0;0;0;0;0;0;0;0;0;0;0;0;0;0;0;0;0;0;0;0;0;0;0;0;0;0;0;0;0;0;0;0;0;0;0;0;0;0;0;0;0;0;0;0;0;0;0;0;0;0;0;0;0;;;;11;POLICY_ATLAS_EXP2;POLICY_A_ATLAS_EXP2
84;POLICY_ACADEMY_SCIENCES;TXT_KEY_POLICY_ACADEMY_SCIENCES;TXT_KEY_POLICY_ACADEMY_SCIENCES_TEXT;;TXT_KEY_POLICY_ACADEMY_SCIENCES_HELP;POLICY_BRANCH_ORDER;0;10;0;0;2;0;0;0;0;0;0;0;0;0;0;0;0;0;0;0;0;0;0;0;0;0;0;0;0;0;0;0;0;0;0;0;0;0;0;0;0;0;0;0;0;0;0;0;0;0;0;0;0;0;0;0;0;0;0;0;0;0;0;0;0;0;0;0;0;0;0;0;0;0;0;0;0;0;0;0;0;0;0;0;0;0;0;0;0;0;0;0;0;0;0;0;0;0;0;0;0;0;0;0;0;0;0;0;0;0;0;0;0;0;0;0;0;0;0;0;0;0;0;0;0;0;0;0;0;0;0;0;0;0;0;0;0;0;0;0;;;;11;POLICY_ATLAS_EXP2;POLICY_A_ATLAS_EXP2
85;POLICY_PARTY_LEADERSHIP;TXT_KEY_POLICY_PARTY_LEADERSHIP;TXT_KEY_POLICY_PARTY_LEADERSHIP_TEXT;;TXT_KEY_POLICY_PARTY_LEADERSHIP_HELP;POLICY_BRANCH_ORDER;0;10;0;0;2;0;0;0;0;0;0;0;0;0;0;0;0;0;0;0;0;0;0;0;0;0;0;0;0;0;0;0;0;0;0;0;0;0;0;0;0;0;0;0;0;0;0;0;0;0;0;0;0;0;0;0;0;0;0;0;0;0;0;0;0;0;0;0;0;0;0;0;0;0;0;0;0;0;0;0;0;0;0;0;0;0;0;0;0;0;0;0;0;0;0;0;0;0;0;0;0;0;0;0;0;0;0;0;0;0;0;0;0;0;0;0;0;0;0;0;0;0;0;0;0;0;0;0;0;0;0;0;0;0;0;0;0;0;0;0;;;;11;POLICY_ATLAS_EXP2;POLICY_A_ATLAS_EXP2
86;POLICY_RESETTLEMENT;TXT_KEY_POLICY_RESETTLEMENT;TXT_KEY_POLICY_RESETTLEMENT_TEXT;;TXT_KEY_POLICY_RESETTLEMENT_HELP;POLICY_BRANCH_ORDER;0;10;0;0;2;0;0;0;0;0;0;0;0;0;0;0;0;0;0;0;0;0;0;0;0;0;0;0;0;0;0;0;0;0;0;0;0;0;0;0;0;0;0;0;0;0;0;0;0;0;0;0;0;0;0;0;0;0;0;0;0;0;0;0;0;0;0;0;0;0;0;0;0;0;0;0;0;0;0;0;0;0;0;0;0;0;3;0;0;0;0;0;0;0;0;0;0;0;0;0;0;0;0;0;0;0;0;0;0;0;0;0;0;0;0;0;0;0;0;0;0;0;0;0;0;0;0;0;0;0;0;0;0;0;0;0;0;0;0;0;;;;11;POLICY_ATLAS_EXP2;POLICY_A_ATLAS_EXP2
87;POLICY_CULTURAL_REVOLUTION;TXT_KEY_POLICY_CULTURAL_REVOLUTION;TXT_KEY_POLICY_CULTURAL_REVOLUTION_TEXT;;TXT_KEY_POLICY_CULTURAL_REVOLUTION_HELP;POLICY_BRANCH_ORDER;0;10;0;0;2;0;0;0;0;0;0;0;0;0;0;0;0;0;0;0;0;0;0;0;0;0;0;0;0;0;0;0;0;0;0;0;0;0;0;0;0;0;0;0;0;0;0;0;0;0;0;0;0;0;0;0;0;0;0;0;0;0;0;0;0;0;0;0;0;0;0;0;0;0;0;0;0;0;0;0;0;0;0;0;0;0;0;0;0;0;0;0;0;0;0;0;0;0;0;0;0;0;0;0;0;0;0;0;0;0;0;0;0;34;0;0;0;0;0;0;0;0;0;0;0;0;0;0;0;0;0;0;0;0;0;0;0;0;0;0;;;;11;POLICY_ATLAS_EXP2;POLICY_A_ATLAS_EXP2
88;POLICY_WORKERS_FACULTIES;TXT_KEY_POLICY_WORKERS_FACULTIES;TXT_KEY_POLICY_WORKERS_FACULTIES_TEXT;;TXT_KEY_POLICY_WORKERS_FACULTIES_HELP;POLICY_BRANCH_ORDER;0;10;0;0;2;0;0;0;0;0;0;0;0;0;0;0;0;0;0;0;0;0;0;0;0;0;0;0;0;0;0;0;0;0;0;0;0;0;0;0;0;0;0;0;0;0;0;0;0;0;0;0;0;0;0;0;0;0;0;0;0;0;0;0;0;0;0;0;0;0;0;0;0;0;0;0;0;0;0;0;0;0;0;0;0;0;0;0;0;0;0;0;0;0;0;0;0;0;0;0;0;0;0;0;0;0;0;0;0;0;0;0;0;0;0;0;0;0;0;0;0;0;0;0;0;0;0;0;0;0;0;0;0;0;0;0;0;0;0;0;;;;11;POLICY_ATLAS_EXP2;POLICY_A_ATLAS_EXP2
89;POLICY_FIVE_YEAR_PLAN;TXT_KEY_POLICY_FIVE_YEAR_PLAN;TXT_KEY_POLICY_FIVE_YEAR_PLAN_TEXT;;TXT_KEY_POLICY_FIVE_YEAR_PLAN_HELP;POLICY_BRANCH_ORDER;0;10;0;0;2;0;0;0;0;0;0;0;0;0;0;0;0;0;0;0;0;0;0;0;0;0;0;0;0;0;0;0;0;0;0;0;0;0;0;0;0;0;0;0;0;0;0;0;0;0;0;0;0;0;0;0;0;0;0;0;0;0;0;0;0;0;0;0;0;0;0;0;0;0;0;0;0;0;0;0;0;0;0;0;0;0;0;0;0;0;0;0;0;0;0;0;0;0;0;0;0;0;0;0;0;0;0;0;0;0;0;0;0;0;0;0;0;0;0;0;0;0;0;0;0;0;0;0;0;0;0;0;0;0;0;0;0;0;0;0;;;;11;POLICY_ATLAS_EXP2;POLICY_A_ATLAS_EXP2
90;POLICY_DICTATORSHIP_PROLETARIAT;TXT_KEY_POLICY_DICTATORSHIP_PROLETARIAT;TXT_KEY_POLICY_DICTATORSHIP_PROLETARIAT_TEXT;;TXT_KEY_POLICY_DICTATORSHIP_PROLETARIAT_HELP;POLICY_BRANCH_ORDER;0;10;0;0;3;0;0;0;0;0;0;0;0;0;0;0;0;0;0;0;0;0;0;0;0;0;0;0;0;0;0;0;0;0;0;0;0;0;0;0;0;0;0;0;0;0;0;0;0;0;0;0;0;0;0;0;0;0;0;0;0;0;0;0;0;0;0;0;0;0;0;0;0;0;0;0;0;0;0;0;0;0;0;0;0;0;0;0;0;0;0;0;0;0;0;0;0;0;0;0;0;0;0;0;0;0;0;0;0;0;0;0;34;0;0;0;0;0;0;0;0;0;0;0;0;0;0;0;0;0;0;0;0;0;0;0;0;0;0;0;;;;11;POLICY_ATLAS_EXP2;POLICY_A_ATLAS_EXP2
91;POLICY_IRON_CURTAIN;TXT_KEY_POLICY_IRON_CURTAIN;TXT_KEY_POLICY_IRON_CURTAIN_TEXT;;TXT_KEY_POLICY_IRON_CURTAIN_HELP;POLICY_BRANCH_ORDER;0;10;0;0;3;0;0;0;0;0;0;0;0;0;0;0;0;0;0;0;0;0;0;0;0;0;0;0;0;0;0;0;0;0;0;0;0;0;0;0;0;0;0;0;0;0;0;0;0;0;0;0;0;0;0;0;0;0;0;0;0;0;0;0;0;0;0;0;0;0;0;0;0;0;0;0;0;0;0;0;0;0;0;0;0;0;0;0;0;0;0;0;0;0;0;0;0;0;0;0;0;0;0;0;0;0;0;0;0;0;0;0;0;0;0;0;0;0;0;0;0;0;0;0;50;0;0;0;0;0;0;0;0;0;0;0;0;0;0;0;;BUILDING_COURTHOUSE;;11;POLICY_ATLAS_EXP2;POLICY_A_ATLAS_EXP2
92;POLICY_SPACEFLIGHT_PIONEERS;TXT_KEY_POLICY_SPACEFLIGHT_PIONEERS;TXT_KEY_POLICY_SPACEFLIGHT_PIONEERS_TEXT;;TXT_KEY_POLICY_SPACEFLIGHT_PIONEERS_HELP;POLICY_BRANCH_ORDER;0;10;0;0;3;0;0;0;0;0;0;0;0;0;0;0;0;0;0;0;0;0;0;0;0;0;0;0;0;0;0;0;0;0;0;0;0;0;0;0;0;0;0;0;0;0;0;0;0;0;0;0;0;0;0;0;0;0;0;0;0;0;0;0;0;0;0;0;0;0;0;0;0;0;0;0;0;0;0;0;0;0;0;0;0;0;0;0;0;0;0;0;0;0;0;0;0;0;0;0;0;0;0;0;0;0;0;0;0;0;0;0;0;0;0;0;0;0;0;0;0;0;0;0;0;0;0;0;0;0;0;0;0;0;0;1;0;0;0;1;;;;11;POLICY_ATLAS_EXP2;POLICY_A_ATLAS_EXP2
93;POLICY_ELITE_FORCES;TXT_KEY_POLICY_ELITE_FORCES;TXT_KEY_POLICY_ELITE_FORCES_TEXT;;TXT_KEY_POLICY_ELITE_FORCES_HELP;POLICY_BRANCH_AUTOCRACY;0;10;0;0;1;0;0;0;0;0;0;0;0;0;0;0;0;0;0;0;0;0;0;0;0;0;0;0;0;0;0;0;0;0;0;0;0;0;0;0;0;0;0;0;0;0;0;0;0;0;0;0;0;0;0;0;0;0;0;0;0;0;0;0;0;0;0;0;0;0;0;0;0;0;0;0;0;0;0;0;0;0;0;0;0;0;0;0;0;0;0;0;0;0;0;0;0;0;-25;0;0;0;0;0;0;0;0;0;0;0;0;0;0;0;0;0;0;0;0;0;0;0;0;0;0;0;0;0;0;0;0;0;0;0;0;0;0;0;0;0;;;;10;POLICY_ATLAS_EXP2;POLICY_A_ATLAS_EXP2
94;POLICY_MOBILIZATION;TXT_KEY_POLICY_MOBILIZATION;TXT_KEY_POLICY_MOBILIZATION_TEXT;;TXT_KEY_POLICY_MOBILIZATION_HELP;POLICY_BRANCH_AUTOCRACY;0;10;0;0;1;0;0;0;0;0;0;0;0;0;0;0;0;0;0;0;0;0;0;0;0;0;0;0;0;0;0;0;0;0;0;0;0;0;0;0;0;0;0;0;0;0;0;0;0;0;0;0;0;0;0;0;0;0;0;0;0;0;0;0;0;-33;0;0;0;0;0;0;0;0;0;0;0;0;0;0;0;0;0;0;0;0;0;0;0;0;0;0;0;0;0;0;0;0;0;0;0;0;0;0;0;0;0;0;0;0;0;0;0;0;0;0;0;0;0;0;0;0;0;0;0;0;0;0;0;0;0;0;0;0;0;0;0;0;0;0;;;;10;POLICY_ATLAS_EXP2;POLICY_A_ATLAS_EXP2
95;POLICY_UNITED_FRONT;TXT_KEY_POLICY_UNITED_FRONT;TXT_KEY_POLICY_UNITEDFRONT_TEXT;;TXT_KEY_POLICY_UNITED_FRONT_HELP;POLICY_BRANCH_AUTOCRACY;0;10;0;0;1;0;0;0;0;0;0;0;0;0;0;0;0;0;0;0;0;0;0;0;0;0;0;0;0;0;0;0;0;0;0;0;0;0;0;0;0;0;0;0;0;0;0;0;0;0;0;0;0;0;0;0;0;0;0;0;0;0;0;0;0;0;0;0;0;0;0;0;0;0;0;0;0;0;0;0;0;0;0;0;0;0;0;0;0;0;0;0;0;0;0;0;0;0;0;0;0;0;0;0;0;0;0;0;0;0;100;0;0;0;0;0;0;0;0;0;0;0;0;0;0;0;0;0;0;0;0;0;0;0;0;0;0;0;0;0;;;;10;POLICY_ATLAS_EXP2;POLICY_A_ATLAS_EXP2
96;POLICY_FUTURISM;TXT_KEY_POLICY_FUTURISM;TXT_KEY_POLICY_FUTURISM_TEXT;;TXT_KEY_POLICY_FUTURISM_HELP;POLICY_BRANCH_AUTOCRACY;0;10;0;0;1;0;0;0;0;0;0;0;0;0;0;0;0;0;0;0;0;0;0;0;0;0;0;0;0;0;0;0;0;0;0;0;0;0;0;0;0;0;0;0;0;0;0;0;0;0;0;0;0;0;0;0;0;0;0;0;0;0;0;0;0;0;0;0;0;0;0;0;0;0;0;0;0;0;0;0;0;0;0;0;0;0;0;0;0;0;0;0;0;0;0;0;0;0;0;0;0;0;0;0;0;0;0;0;0;0;0;0;0;0;0;0;0;0;0;0;0;0;0;0;0;0;0;0;0;0;0;0;0;0;0;0;0;0;0;0;;;;10;POLICY_ATLAS_EXP2;POLICY_A_ATLAS_EXP2
97;POLICY_INDUSTRIAL_ESPIONAGE;TXT_KEY_POLICY_INDUSTRIAL_ESPIONAGE;TXT_KEY_POLICY_INDUSTRIAL_ESPIONAGE_TEXT;;TXT_KEY_POLICY_INDUSTRIAL_ESPIONAGE_HELP;POLICY_BRANCH_AUTOCRACY;0;10;0;0;1;0;0;0;0;0;0;0;0;0;0;0;0;0;0;0;0;0;0;0;0;0;0;0;0;0;0;0;0;0;0;0;0;0;0;0;0;0;0;0;0;0;0;0;0;0;0;0;0;0;0;0;0;0;0;0;0;0;0;0;0;0;0;0;0;0;0;0;100;0;0;0;0;0;0;0;0;0;0;0;0;0;0;0;0;0;0;0;0;0;0;0;0;0;0;0;0;0;0;0;0;0;0;0;0;0;0;0;0;0;0;0;0;0;0;0;0;0;0;0;0;0;0;0;0;0;0;0;0;0;0;0;0;0;0;0;;;;10;POLICY_ATLAS_EXP2;POLICY_A_ATLAS_EXP2
98;POLICY_MILITARISM;TXT_KEY_POLICY_MILITARISM;TXT_KEY_POLICY_MILITARISM_TEXT;;TXT_KEY_POLICY_MILITARISM_HELP;POLICY_BRANCH_AUTOCRACY;0;10;0;0;2;0;0;0;0;0;0;0;0;0;0;0;0;0;0;0;0;0;0;0;0;0;0;0;0;0;0;0;0;0;0;0;0;0;0;0;0;0;0;0;0;0;0;0;0;0;0;0;0;0;0;0;0;0;0;0;0;0;0;0;0;0;0;0;0;0;0;0;0;0;0;0;0;0;0;0;0;0;0;0;0;0;0;0;0;0;0;0;0;0;0;0;0;0;0;0;0;0;0;0;0;0;0;0;0;0;0;0;0;0;0;0;0;0;0;0;0;0;0;0;0;0;0;0;0;0;0;0;0;0;0;0;0;0;0;0;;;;10;POLICY_ATLAS_EXP2;POLICY_A_ATLAS_EXP2
99;POLICY_FORTIFIED_BORDERS;TXT_KEY_POLICY_FORTIFIED_BORDERS;TXT_KEY_POLICY_FORTIFIED_BORDERS_TEXT;;TXT_KEY_POLICY_FORTIFIED_BORDERS_HELP;POLICY_BRANCH_AUTOCRACY;0;10;0;0;1;0;0;0;0;0;0;0;0;0;0;0;0;0;0;0;0;0;0;0;0;0;0;0;0;0;0;0;0;0;0;0;0;0;0;0;0;0;0;0;0;0;0;0;0;0;0;0;0;0;0;0;0;0;0;0;0;0;0;0;0;0;0;0;0;0;0;0;0;0;0;0;0;0;0;0;0;0;0;0;0;0;0;0;0;0;0;0;0;0;0;0;0;0;0;0;0;0;0;0;0;0;0;0;0;0;0;0;0;0;0;0;0;0;0;0;0;0;0;0;0;0;0;0;0;0;0;0;0;0;0;0;0;0;0;0;;;;10;POLICY_ATLAS_EXP2;POLICY_A_ATLAS_EXP2
100;POLICY_LIGHTNING_WARFARE;TXT_KEY_POLICY_LIGHTNING_WARFARE;TXT_KEY_POLICY_LIGHTNING_WARFARE_TEXT;;TXT_KEY_POLICY_LIGHTNING_WARFARE_HELP;POLICY_BRANCH_AUTOCRACY;0;10;0;0;2;0;0;0;0;0;0;0;0;0;0;0;0;0;0;0;0;0;0;0;0;0;0;0;0;0;0;0;0;0;0;0;0;0;0;0;0;0;0;0;0;0;0;0;0;0;0;0;0;0;0;0;0;0;0;0;0;0;0;0;0;0;0;0;0;0;0;0;0;0;0;0;0;0;0;0;0;0;0;0;0;0;0;0;0;0;0;0;0;0;0;0;0;0;0;0;0;0;0;0;0;0;0;0;0;0;0;0;0;0;0;0;0;0;0;0;0;0;0;0;0;0;0;0;0;0;0;0;0;0;0;0;0;0;0;0;;;;10;POLICY_ATLAS_EXP2;POLICY_A_ATLAS_EXP2
101;POLICY_POLICE_STATE;TXT_KEY_POLICY_POLICE_STATE;TXT_KEY_POLICY_POLICESTATE_TEXT;;TXT_KEY_POLICY_POLICE_STATE_HELP;POLICY_BRANCH_AUTOCRACY;0;10;0;0;2;0;0;0;0;0;0;0;0;0;0;0;0;0;0;0;0;0;0;0;0;0;0;0;0;0;0;0;0;0;0;0;0;0;0;0;0;0;0;0;0;0;0;0;0;0;0;0;0;0;0;0;0;0;0;0;0;0;0;0;0;0;0;0;0;0;0;0;0;0;0;0;0;0;0;0;0;0;0;0;0;0;0;0;0;0;0;0;0;0;0;0;0;0;0;0;0;0;0;0;0;0;0;0;0;0;0;0;0;0;0;0;0;0;0;0;0;0;0;0;0;0;0;0;0;0;0;0;0;0;0;0;0;0;0;0;;;;10;POLICY_ATLAS_EXP2;POLICY_A_ATLAS_EXP2
102;POLICY_NATIONALISM;TXT_KEY_POLICY_NATIONALISM;TXT_KEY_POLICY_NATIONALISM_TEXT;;TXT_KEY_POLICY_NATIONALISM_HELP;POLICY_BRANCH_AUTOCRACY;0;10;0;0;2;0;0;0;0;0;0;0;0;0;0;0;0;0;0;0;0;0;0;0;0;0;0;0;0;0;0;0;0;0;0;0;0;0;0;0;0;0;0;0;0;0;0;0;0;0;0;0;0;0;0;0;0;0;0;0;0;0;0;0;0;0;0;0;0;0;0;0;0;0;0;0;0;0;-33;0;0;0;0;0;0;0;0;0;0;0;0;0;0;0;0;0;0;0;0;0;0;0;0;0;0;0;0;0;0;0;0;0;0;0;0;0;0;0;0;0;0;0;0;0;0;0;0;0;0;0;0;0;0;0;0;0;0;0;0;0;;;;10;POLICY_ATLAS_EXP2;POLICY_A_ATLAS_EXP2
103;POLICY_THIRD_ALTERNATIVE;TXT_KEY_POLICY_THIRD_ALTERNATIVE;TXT_KEY_POLICY_THIRD_ALTERNATIVE_TEXT;;TXT_KEY_POLICY_THIRD_ALTERNATIVE_HELP;POLICY_BRANCH_AUTOCRACY;0;10;0;0;2;0;0;0;0;0;0;0;0;0;0;0;0;0;0;0;0;0;0;200;0;0;0;0;0;0;0;0;0;0;0;0;0;0;0;0;0;0;0;0;0;0;0;0;0;0;0;0;0;0;0;0;0;0;0;0;0;0;0;0;0;0;0;0;0;0;0;0;0;0;0;0;0;0;0;0;0;0;0;0;0;0;0;0;0;0;0;0;0;0;0;0;0;0;0;0;0;0;0;0;0;0;0;0;0;0;0;0;0;0;0;0;0;0;0;0;0;0;0;0;0;0;0;0;0;0;0;0;0;0;0;0;0;0;0;0;;;;10;POLICY_ATLAS_EXP2;POLICY_A_ATLAS_EXP2
104;POLICY_TOTAL_WAR;TXT_KEY_POLICY_TOTAL_WAR;TXT_KEY_POLICY_TOTALWAR_TEXT;;TXT_KEY_POLICY_TOTAL_WAR_HELP;POLICY_BRANCH_AUTOCRACY;0;10;0;0;2;0;0;0;0;0;0;0;0;0;0;0;0;0;0;0;0;0;0;0;0;0;0;0;0;0;0;0;0;0;0;0;0;0;0;0;0;15;0;0;0;0;0;0;25;0;0;0;0;0;0;0;0;0;0;0;0;0;0;0;0;0;0;0;0;0;0;0;0;0;0;0;0;0;0;0;0;0;0;0;0;0;0;0;0;0;0;0;0;0;0;0;0;0;0;0;0;0;0;0;0;0;0;0;0;0;0;0;0;0;0;0;0;0;0;0;0;0;0;0;0;0;0;0;0;0;0;0;0;0;0;0;0;0;0;0;;;;10;POLICY_ATLAS_EXP2;POLICY_A_ATLAS_EXP2
105;POLICY_CULT_PERSONALITY;TXT_KEY_POLICY_CULT_PERSONALITY;TXT_KEY_POLICY_CULT_PERSONALITY_TEXT;;TXT_KEY_POLICY_CULT_PERSONALITY_HELP;POLICY_BRANCH_AUTOCRACY;0;10;0;0;3;0;0;0;0;0;0;0;0;0;0;0;0;0;0;0;0;0;0;0;0;0;0;0;0;0;0;0;0;0;0;0;0;0;0;0;0;0;0;0;0;0;0;0;0;0;0;0;0;0;0;0;0;0;0;0;0;0;0;0;0;0;0;0;0;0;0;0;0;0;0;0;0;0;0;0;0;0;0;0;0;0;0;0;0;0;0;0;0;0;0;0;0;0;0;0;0;0;0;0;0;0;0;0;0;0;0;50;0;0;0;0;0;0;0;0;0;0;0;0;0;0;0;0;0;0;0;0;0;0;0;0;0;0;0;0;;;;10;POLICY_ATLAS_EXP2;POLICY_A_ATLAS_EXP2
106;POLICY_GUNBOAT_DIPLOMACY;TXT_KEY_POLICY_GUNBOAT_DIPLOMACY;TXT_KEY_POLICY_GUNBOAT_DIPLOMACY_TEXT;;TXT_KEY_POLICY_GUNBOAT_DIPLOMACY_HELP;POLICY_BRANCH_AUTOCRACY;0;10;0;0;3;0;0;0;0;0;0;0;0;0;0;0;0;0;0;0;0;0;0;0;0;0;0;0;0;0;0;0;0;0;0;0;0;0;0;0;0;0;0;0;0;0;0;0;0;0;0;0;0;0;0;0;0;0;0;0;0;0;0;0;0;0;0;0;0;0;0;0;0;0;0;0;0;0;0;0;0;0;0;0;0;0;0;0;0;0;0;0;0;0;0;0;0;0;0;0;0;0;0;0;0;0;0;0;0;0;0;0;0;0;0;0;0;0;0;0;600;50;0;0;0;0;0;0;0;0;0;0;0;0;0;0;0;0;0;0;;;;10;POLICY_ATLAS_EXP2;POLICY_A_ATLAS_EXP2
107;POLICY_NEW_ORDER;TXT_KEY_POLICY_NEW_ORDER;TXT_KEY_POLICY_NEW_ORDER_TEXT;;TXT_KEY_POLICY_NEW_ORDER_HELP;POLICY_BRANCH_AUTOCRACY;0;10;0;0;3;0;0;0;0;0;0;0;0;0;0;50;0;0;0;0;0;0;0;0;0;0;0;0;0;0;0;0;0;0;0;0;0;0;0;0;0;0;0;0;0;0;0;0;0;0;0;0;0;0;0;0;0;0;0;0;0;0;0;0;0;0;0;0;0;0;0;0;0;0;0;0;0;0;0;0;0;0;0;0;0;0;0;0;0;0;0;0;0;0;0;0;0;0;0;0;0;0;0;0;0;0;0;0;0;0;0;0;0;0;0;0;0;0;0;0;0;0;0;0;0;0;0;0;0;0;0;0;0;0;0;0;0;0;1;0;;;;10;POLICY_ATLAS_EXP2;POLICY_A_ATLAS_EXP2
108;POLICY_UNIVERSAL_HEALTHCARE_F;TXT_KEY_POLICY_UNIVERSAL_HEALTHCARE;TXT_KEY_POLICY_UNIVERSAL_HEALTHCARE_TEXT;;TXT_KEY_POLICY_UNIVERSAL_HEALTHCARE_HELP;POLICY_BRANCH_FREEDOM;0;10;0;0;1;0;0;0;0;0;0;0;0;0;0;0;0;0;0;0;0;0;0;0;0;0;0;0;0;0;0;0;0;0;0;0;0;0;0;0;0;0;0;0;0;0;0;0;0;0;0;0;0;0;0;0;0;0;0;0;0;0;0;0;0;0;0;0;0;0;0;0;0;0;0;0;0;0;0;0;0;0;0;0;0;0;0;0;0;0;0;0;0;0;0;0;0;0;0;0;0;0;0;0;0;0;0;0;0;0;0;0;0;0;0;0;0;0;0;0;0;0;0;0;0;0;0;0;0;0;0;0;0;0;0;0;0;0;0;0;;;;25;POLICY_ATLAS;POLICY_A_ATLAS_EXP2
109;POLICY_UNIVERSAL_HEALTHCARE_O;TXT_KEY_POLICY_UNIVERSAL_HEALTHCARE;TXT_KEY_POLICY_UNIVERSAL_HEALTHCARE_TEXT;;TXT_KEY_POLICY_UNIVERSAL_HEALTHCARE_HELP;POLICY_BRANCH_ORDER;0;10;0;0;1;0;0;0;0;0;0;0;0;0;0;0;0;0;0;0;0;0;0;0;0;0;0;0;0;0;0;0;0;0;0;0;0;0;0;0;0;0;0;0;0;0;0;0;0;0;0;0;0;0;0;0;0;0;0;0;0;0;0;0;0;0;0;0;0;0;0;0;0;0;0;0;0;0;0;0;0;0;0;0;0;0;0;0;0;0;0;0;0;0;0;0;0;0;0;0;0;0;0;0;0;0;0;0;0;0;0;0;0;0;0;0;0;0;0;0;0;0;0;0;0;0;0;0;0;0;0;0;0;0;0;0;0;0;0;0;;;;11;POLICY_ATLAS_EXP2;POLICY_A_ATLAS_EXP2
110;POLICY_UNIVERSAL_HEALTHCARE_A;TXT_KEY_POLICY_UNIVERSAL_HEALTHCARE;TXT_KEY_POLICY_UNIVERSAL_HEALTHCARE_TEXT;;TXT_KEY_POLICY_UNIVERSAL_HEALTHCARE_HELP;POLICY_BRANCH_AUTOCRACY;0;10;0;0;1;0;0;0;0;0;0;0;0;0;0;0;0;0;0;0;0;0;0;0;0;0;0;0;0;0;0;0;0;0;0;0;0;0;0;0;0;0;0;0;0;0;0;0;0;0;0;0;0;0;0;0;0;0;0;0;0;0;0;0;0;0;0;0;0;0;0;0;0;0;0;0;0;0;0;0;0;0;0;0;0;0;0;0;0;0;0;0;0;0;0;0;0;0;0;0;0;0;0;0;0;0;0;0;0;0;0;0;0;0;0;0;0;0;0;0;0;0;0;0;0;0;0;0;0;0;0;0;0;0;0;0;0;0;0;0;;;;10;POLICY_ATLAS_EXP2;POLICY_A_ATLAS_EXP2
