ID;Type;Description;Civilopedia;Help;AIWeight;AITradeModifier;Cost;AdvancedStartCost;Era;FirstFreeUnitClass;FeatureProductionModifier;UnitFortificationModifier;UnitBaseHealModifier;WorkerSpeedModifier;FirstFreeTechs;EmbarkedMoveChange;InternationalTradeRoutesChange;InfluenceSpreadModifier;ExtraVotesPerDiplomat;EndsGame;AllowsEmbarking;AllowsDefensiveEmbarking;EmbarkedAllWaterPassage;AllowsBarbarianBoats;Repeat;Trade;Disable;GoodyTech;ExtraWaterSeeFrom;MapCentering;MapVisible;MapTrading;TechTrading;GoldTrading;AllowEmbassyTradingAllowed;OpenBordersTradingAllowed;DefensivePactTradingAllowed;ResearchAgreementTradingAllowed;TradeAgreementTradingAllowed;PermanentAllianceTradingAllowed;BridgeBuilding;WaterWork;TriggersArchaeologicalSites;AllowsWorldCongress;GridX;GridY;Quote;PortraitIndex;ScenarioTechButton;IconAtlas;AudioIntro;AudioIntroHeader
0;TECH_AGRICULTURE;TXT_KEY_TECH_AGRICULTURE_TITLE;TXT_KEY_TECH_AGRICULTURE_DESC;TXT_KEY_TECH_AGRICULTURE_HELP;0;0;20;-1;ERA_ANCIENT;;0;0;0;0;0;0;0;0;0;0;0;0;0;0;0;1;0;1;0;0;0;0;0;0;0;0;0;0;0;0;0;0;0;0;0;5;TXT_KEY_TECH_AGRICULTURE_QUOTE;0;-1;TECH_ATLAS_1;AS2D_TECH_AGRICULTURE;AS2D_HEADING_TECH_AGRICULTURE
1;TECH_POTTERY;TXT_KEY_TECH_POTTERY_TITLE;TXT_KEY_TECH_POTTERY_DESC;TXT_KEY_TECH_POTTERY_HELP;0;0;35;-1;ERA_ANCIENT;;0;0;0;0;0;0;0;0;0;0;0;0;0;0;0;1;0;1;0;0;0;0;0;0;0;0;0;0;0;0;0;0;0;0;1;1;TXT_KEY_TECH_POTTERY_QUOTE;4;-1;TECH_ATLAS_1;AS2D_TECH_POTTERY;AS2D_HEADING_TECH_POTTERY
2;TECH_ANIMAL_HUSBANDRY;TXT_KEY_TECH_ANIMAL_HUSBANDRY_TITLE;TXT_KEY_TECH_ANIMAL_HUSBANDRY_DESC;TXT_KEY_TECH_ANIMAL_HUSBANDRY_HELP;0;0;35;-1;ERA_ANCIENT;;0;0;0;0;0;0;1;0;0;0;0;0;0;0;0;1;0;1;0;0;0;0;0;0;0;0;0;0;0;0;0;0;0;0;1;4;TXT_KEY_TECH_ANIMAL_HUSBANDRY_QUOTE;2;-1;TECH_ATLAS_1;AS2D_TECH_ANIMAL_HUSBANDRY;AS2D_HEADING_TECH_ANIMAL_HUSBANDRY
3;TECH_ARCHERY;TXT_KEY_TECH_ARCHERY_TITLE;TXT_KEY_TECH_ARCHERY_DESC;TXT_KEY_TECH_ARCHERY_HELP;0;0;35;-1;ERA_ANCIENT;;0;0;0;0;0;0;0;0;0;0;0;0;0;0;0;1;0;1;0;0;0;0;0;0;0;0;0;0;0;0;0;0;0;0;1;6;TXT_KEY_TECH_ARCHERY_QUOTE;7;-1;TECH_ATLAS_1;AS2D_TECH_ARCHERY;AS2D_HEADING_TECH_ARCHERY
4;TECH_MINING;TXT_KEY_TECH_MINING_TITLE;TXT_KEY_TECH_MINING_DESC;TXT_KEY_TECH_MINING_HELP;0;0;35;-1;ERA_ANCIENT;;0;0;0;0;0;0;0;0;0;0;0;0;0;0;0;1;0;1;0;0;0;0;0;0;0;0;0;0;0;0;0;0;0;0;1;8;TXT_KEY_TECH_MINING_QUOTE;1;-1;TECH_ATLAS_1;AS2D_TECH_MINING;AS2D_HEADING_TECH_MINING
5;TECH_SAILING;TXT_KEY_TECH_SAILING_TITLE;TXT_KEY_TECH_SAILING_DESC;TXT_KEY_TECH_SAILING_HELP;0;0;55;-1;ERA_ANCIENT;;0;0;0;0;0;0;1;0;0;0;0;0;0;0;0;1;0;1;0;0;0;0;0;0;0;0;0;0;0;0;0;0;0;0;2;0;TXT_KEY_TECH_SAILING_QUOTE;13;-1;TECH_ATLAS_1;AS2D_TECH_SAILING;AS2D_HEADING_TECH_SAILING
6;TECH_CALENDAR;TXT_KEY_TECH_CALENDAR_TITLE;TXT_KEY_TECH_CALENDAR_DESC;TXT_KEY_TECH_CALENDAR_HELP;0;0;55;-1;ERA_ANCIENT;;0;0;0;0;0;0;0;0;0;0;0;0;0;0;0;1;0;1;0;0;0;0;0;0;0;0;0;0;0;0;0;0;0;0;2;1;TXT_KEY_TECH_CALENDAR_QUOTE;9;-1;TECH_ATLAS_1;AS2D_TECH_CALENDAR;AS2D_HEADING_TECH_CALENDAR
7;TECH_WRITING;TXT_KEY_TECH_WRITING_TITLE;TXT_KEY_TECH_WRITING_DESC;TXT_KEY_TECH_WRITING_HELP;0;0;55;-1;ERA_ANCIENT;;0;0;0;0;0;0;0;0;0;0;0;0;0;0;0;1;0;1;0;0;0;0;0;0;1;0;0;0;0;0;0;0;0;0;2;2;TXT_KEY_TECH_WRITING_QUOTE;8;-1;TECH_ATLAS_1;AS2D_TECH_WRITING;AS2D_HEADING_TECH_WRITING
8;TECH_TRAPPING;TXT_KEY_TECH_TRAPPING_TITLE;TXT_KEY_TECH_TRAPPING_DESC;TXT_KEY_TECH_TRAPPING_HELP;0;0;55;-1;ERA_ANCIENT;;0;0;0;0;0;0;0;0;0;0;0;0;0;0;0;1;0;1;0;0;0;0;0;0;0;0;0;0;0;0;0;0;0;0;2;4;TXT_KEY_TECH_TRAPPING_QUOTE;13;-1;TECH_ATLAS_2;AS2D_TECH_TRAPPING;AS2D_HEADING_TECH_TRAPPING
9;TECH_THE_WHEEL;TXT_KEY_TECH_THE_WHEEL_TITLE;TXT_KEY_TECH_THE_WHEEL_DESC;TXT_KEY_TECH_THE_WHEEL_HELP;0;0;55;-1;ERA_ANCIENT;;0;0;0;0;0;0;0;0;0;0;0;0;0;0;0;1;0;1;0;0;0;0;0;0;0;0;0;0;0;0;0;0;0;0;2;6;TXT_KEY_TECH_THE_WHEEL_QUOTE;3;-1;TECH_ATLAS_1;AS2D_TECH_THE_WHEEL;AS2D_HEADING_TECH_THE_WHEEL
10;TECH_MASONRY;TXT_KEY_TECH_MASONRY_TITLE;TXT_KEY_TECH_MASONRY_DESC;TXT_KEY_TECH_MASONRY_HELP;0;0;55;-1;ERA_ANCIENT;;0;0;0;0;0;0;0;0;0;0;0;0;0;0;0;1;0;1;0;0;0;0;0;0;0;0;0;0;0;0;0;0;0;0;2;8;TXT_KEY_TECH_MASONRY_QUOTE;6;-1;TECH_ATLAS_1;AS2D_TECH_MASONRY;AS2D_HEADING_TECH_MASONRY
11;TECH_BRONZE_WORKING;TXT_KEY_TECH_BRONZE_WORKING_TITLE;TXT_KEY_TECH_BRONZE_WORKING_DESC;TXT_KEY_TECH_BRONZE_WORKING_HELP;0;0;55;-1;ERA_ANCIENT;;0;0;0;0;0;0;0;0;0;0;0;0;0;0;0;1;0;1;0;0;0;0;0;0;0;0;0;0;0;0;0;0;0;0;2;9;TXT_KEY_TECH_BRONZE_WORKING_QUOTE;5;-1;TECH_ATLAS_1;AS2D_TECH_BRONZE_WORKING;AS2D_HEADING_TECH_BRONZE_WORKING
12;TECH_OPTICS;TXT_KEY_TECH_OPTICS_TITLE;TXT_KEY_TECH_OPTICS_DESC;TXT_KEY_TECH_OPTICS_HELP;0;0;85;-1;ERA_CLASSICAL;;0;0;0;0;0;0;0;0;0;0;1;0;0;0;0;1;0;0;0;0;0;0;0;0;0;0;0;0;0;0;0;0;0;0;3;0;TXT_KEY_TECH_OPTICS_QUOTE;18;-1;TECH_ATLAS_1;AS2D_TECH_OPTICS;AS2D_HEADING_TECH_OPTICS
13;TECH_HORSEBACK_RIDING;TXT_KEY_TECH_HORSEBACK_RIDING_TITLE;TXT_KEY_TECH_HORSEBACK_RIDING_DESC;TXT_KEY_TECH_HORSEBACK_RIDING_HELP;0;0;105;-1;ERA_CLASSICAL;;0;0;0;0;0;0;0;0;0;0;0;0;0;0;0;1;0;0;0;0;0;0;0;0;0;0;0;0;0;0;0;0;0;0;3;4;TXT_KEY_TECH_HORSEBACK_RIDING_QUOTE;11;-1;TECH_ATLAS_1;AS2D_TECH_HORSEBACK_RIDING;AS2D_HEADING_TECH_HORSEBACK_RIDING
14;TECH_MATHEMATICS;TXT_KEY_TECH_MATHEMATICS_TITLE;TXT_KEY_TECH_MATHEMATICS_DESC;TXT_KEY_TECH_MATHEMATICS_HELP;0;0;105;-1;ERA_CLASSICAL;;0;0;0;0;0;0;0;0;0;0;0;0;0;0;0;1;0;0;0;0;0;0;0;0;0;0;0;0;0;0;0;0;0;0;3;6;TXT_KEY_TECH_MATHEMATICS_QUOTE;12;-1;TECH_ATLAS_1;AS2D_TECH_MATHEMATICS;AS2D_HEADING_TECH_MATHEMATICS
15;TECH_CONSTRUCTION;TXT_KEY_TECH_CONSTRUCTION_TITLE;TXT_KEY_TECH_CONSTRUCTION_DESC;TXT_KEY_TECH_CONSTRUCTION_HELP;0;0;105;-1;ERA_CLASSICAL;;0;0;0;0;0;0;0;0;0;0;0;0;0;0;0;1;0;0;0;0;0;0;0;0;0;0;0;0;0;0;0;0;0;0;3;8;TXT_KEY_TECH_CONSTRUCTION_QUOTE;15;-1;TECH_ATLAS_1;AS2D_TECH_CONSTRUCTION;AS2D_HEADING_TECH_CONSTRUCTION
16;TECH_PHILOSOPHY;TXT_KEY_TECH_PHILOSOPHY_TITLE;TXT_KEY_TECH_PHILOSOPHY_DESC;TXT_KEY_TECH_PHILOSOPHY_HELP;0;0;175;-1;ERA_CLASSICAL;;0;0;0;0;0;0;0;0;0;0;0;0;0;0;0;1;0;0;0;0;0;0;0;0;0;0;0;0;0;0;0;0;0;0;4;1;TXT_KEY_TECH_PHILOSOPHY_QUOTE;16;-1;TECH_ATLAS_1;AS2D_TECH_PHILOSOPHY;AS2D_HEADING_TECH_PHILOSOPHY
17;TECH_DRAMA;TXT_KEY_TECH_DRAMA_TITLE;TXT_KEY_TECH_DRAMA_DESC;TXT_KEY_TECH_DRAMA_HELP;0;0;175;-1;ERA_CLASSICAL;;0;0;0;0;0;0;0;0;0;0;0;0;0;0;0;1;0;0;0;0;0;0;0;0;0;0;0;0;0;0;0;0;0;0;4;2;TXT_KEY_TECH_DRAMA_QUOTE;4;-1;EXPANSION_TECH_ATLAS_1;AS2D_TECH_DRAMA;AS2D_HEADING_TECH_DRAMA
18;TECH_CURRENCY;TXT_KEY_TECH_CURRENCY_TITLE;TXT_KEY_TECH_CURRENCY_DESC;TXT_KEY_TECH_CURRENCY_HELP;0;0;175;-1;ERA_CLASSICAL;;0;0;0;0;0;0;0;0;0;0;0;0;0;0;0;1;0;0;0;0;0;0;0;0;0;0;0;0;0;0;0;0;0;0;4;6;TXT_KEY_TECH_CURRENCY_QUOTE;17;-1;TECH_ATLAS_1;AS2D_TECH_CURRENCY;AS2D_HEADING_TECH_CURRENCY
19;TECH_ENGINEERING;TXT_KEY_TECH_ENGINEERING_TITLE;TXT_KEY_TECH_ENGINEERING_DESC;TXT_KEY_TECH_ENGINEERING_HELP;0;0;175;-1;ERA_CLASSICAL;;0;0;0;0;0;0;1;0;0;0;0;0;0;0;0;1;0;0;0;0;0;0;0;0;0;0;0;0;0;0;1;0;0;0;4;7;TXT_KEY_TECH_ENGINEERING_QUOTE;0;-1;SHARED_TECH_ATLAS;AS2D_TECH_ENGINEERING;AS2D_HEADING_TECH_ENGINEERING
20;TECH_IRON_WORKING;TXT_KEY_TECH_IRON_WORKING_TITLE;TXT_KEY_TECH_IRON_WORKING_DESC;TXT_KEY_TECH_IRON_WORKING_HELP;0;0;175;-1;ERA_CLASSICAL;;0;0;0;0;0;0;0;0;0;0;0;0;0;0;0;1;0;0;0;0;0;0;0;0;0;0;0;0;0;0;0;0;0;0;4;9;TXT_KEY_TECH_IRON_WORKING_QUOTE;10;-1;TECH_ATLAS_1;AS2D_TECH_IRON_WORKING;AS2D_HEADING_TECH_IRON_WORKING
21;TECH_THEOLOGY;TXT_KEY_TECH_THEOLOGY_TITLE;TXT_KEY_TECH_THEOLOGY_DESC;TXT_KEY_TECH_THEOLOGY_HELP;0;0;275;-1;ERA_MEDIEVAL;;0;0;0;0;0;0;0;0;0;0;0;0;0;0;0;1;0;0;0;0;0;0;0;0;0;0;0;0;0;0;0;0;0;0;5;1;TXT_KEY_TECH_THEOLOGY_QUOTE;21;-1;TECH_ATLAS_1;AS2D_TECH_THEOLOGY;AS2D_HEADING_TECH_THEOLOGY
22;TECH_CIVIL_SERVICE;TXT_KEY_TECH_CIVIL_SERVICE_TITLE;TXT_KEY_TECH_CIVIL_SERVICE_DESC;TXT_KEY_TECH_CIVIL_SERVICE_HELP;0;0;275;-1;ERA_MEDIEVAL;;0;0;0;0;0;0;0;0;0;0;0;0;0;0;0;1;0;0;0;0;0;0;0;0;0;1;0;0;0;0;0;0;0;0;5;4;TXT_KEY_TECH_CIVIL_SERVICE_QUOTE;22;-1;TECH_ATLAS_1;AS2D_TECH_CIVIL_SERVICE;AS2D_HEADING_TECH_CIVIL_SERVICE
23;TECH_GUILDS;TXT_KEY_TECH_GUILDS_TITLE;TXT_KEY_TECH_GUILDS_DESC;TXT_KEY_TECH_GUILDS_HELP;0;0;275;-1;ERA_MEDIEVAL;;0;0;0;0;0;0;0;0;0;0;0;0;0;0;0;1;0;0;0;0;0;0;0;0;0;0;0;0;0;0;0;0;0;0;5;6;TXT_KEY_TECH_GUILDS_QUOTE;2;-1;EXPANSION_TECH_ATLAS_1;AS2D_TECH_GUILDS;AS2D_HEADING_TECH_GUILDS
24;TECH_METAL_CASTING;TXT_KEY_TECH_METAL_CASTING_TITLE;TXT_KEY_TECH_METAL_CASTING_DESC;TXT_KEY_TECH_METAL_CASTING_HELP;0;0;275;-1;ERA_MEDIEVAL;;0;0;0;0;0;0;0;0;0;0;0;0;0;0;0;1;0;0;0;0;0;0;0;0;0;0;0;0;0;0;0;0;0;0;5;8;TXT_KEY_TECH_METAL_CASTING_QUOTE;14;-1;TECH_ATLAS_1;AS2D_TECH_METAL_CASTING;AS2D_HEADING_TECH_METAL_CASTING
25;TECH_COMPASS;TXT_KEY_TECH_COMPASS_TITLE;TXT_KEY_TECH_COMPASS_DESC;TXT_KEY_TECH_COMPASS_HELP;0;0;375;-1;ERA_MEDIEVAL;;0;0;0;0;0;0;1;0;0;0;0;0;0;0;0;1;0;0;0;0;0;0;0;0;0;0;0;0;0;0;0;0;0;0;6;0;TXT_KEY_TECH_COMPASS_QUOTE;23;-1;TECH_ATLAS_1;AS2D_TECH_COMPASS;AS2D_HEADING_TECH_COMPASS
26;TECH_EDUCATION;TXT_KEY_TECH_EDUCATION_TITLE;TXT_KEY_TECH_EDUCATION_DESC;TXT_KEY_TECH_EDUCATION_HELP;0;0;485;-1;ERA_MEDIEVAL;;0;0;0;0;0;0;0;0;0;0;0;0;0;0;0;1;0;0;0;0;0;0;0;0;0;0;0;1;0;0;0;0;0;0;6;2;TXT_KEY_TECH_EDUCATION_QUOTE;25;-1;TECH_ATLAS_1;AS2D_TECH_EDUCATION;AS2D_HEADING_TECH_EDUCATION
27;TECH_CHIVALRY;TXT_KEY_TECH_CHIVALRY_TITLE;TXT_KEY_TECH_CHIVALRY_DESC;TXT_KEY_TECH_CHIVALRY_HELP;0;0;485;-1;ERA_MEDIEVAL;;0;0;0;0;0;0;0;0;0;0;0;0;0;0;0;1;0;0;0;0;0;0;0;0;0;0;1;0;0;0;0;0;0;0;6;5;TXT_KEY_TECH_CHIVALRY_QUOTE;27;-1;TECH_ATLAS_1;AS2D_TECH_CHIVALRY;AS2D_HEADING_TECH_CHIVALRY
28;TECH_MACHINERY;TXT_KEY_TECH_MACHINERY_TITLE;TXT_KEY_TECH_MACHINERY_DESC;TXT_KEY_TECH_MACHINERY_HELP;0;0;485;-1;ERA_MEDIEVAL;;0;0;0;0;0;0;0;0;0;0;0;0;0;0;0;1;0;0;0;0;0;0;0;0;0;0;0;0;0;0;0;0;0;0;6;7;TXT_KEY_TECH_MACHINERY_QUOTE;19;-1;TECH_ATLAS_1;AS2D_TECH_MACHINERY;AS2D_HEADING_TECH_MACHINERY
29;TECH_PHYSICS;TXT_KEY_TECH_PHYSICS_TITLE;TXT_KEY_TECH_PHYSICS_DESC;TXT_KEY_TECH_PHYSICS_HELP;0;0;485;-1;ERA_MEDIEVAL;;0;0;0;0;0;0;0;0;0;0;0;0;0;0;0;1;0;0;0;0;0;0;0;0;0;0;0;0;0;0;0;0;0;0;6;8;TXT_KEY_TECH_PHYSICS_QUOTE;24;-1;TECH_ATLAS_1;AS2D_TECH_PHYSICS;AS2D_HEADING_TECH_PHYSICS
30;TECH_STEEL;TXT_KEY_TECH_STEEL_TITLE;TXT_KEY_TECH_STEEL_DESC;TXT_KEY_TECH_STEEL_HELP;0;0;485;-1;ERA_MEDIEVAL;;0;0;0;0;0;0;0;0;0;0;0;0;0;0;0;1;0;0;0;0;0;0;0;0;0;0;0;0;0;0;0;0;0;0;6;9;TXT_KEY_TECH_STEEL_QUOTE;28;-1;TECH_ATLAS_1;AS2D_TECH_STEEL;AS2D_HEADING_TECH_STEEL
31;TECH_ASTRONOMY;TXT_KEY_TECH_ASTRONOMY_TITLE;TXT_KEY_TECH_ASTRONOMY_DESC;TXT_KEY_TECH_ASTRONOMY_HELP;0;0;780;-1;ERA_RENAISSANCE;;0;0;0;0;0;1;0;0;0;0;0;0;1;0;0;1;0;0;0;0;0;0;0;0;0;0;0;0;0;0;0;0;0;0;7;1;TXT_KEY_TECH_ASTRONOMY_QUOTE;34;-1;TECH_ATLAS_1;AS2D_TECH_ASTRONOMY;AS2D_HEADING_TECH_ASTRONOMY
32;TECH_ACOUSTICS;TXT_KEY_TECH_ACOUSTICS_TITLE;TXT_KEY_TECH_ACOUSTICS_DESC;TXT_KEY_TECH_ACOUSTICS_HELP;0;0;780;-1;ERA_RENAISSANCE;;0;0;0;0;0;0;0;0;0;0;0;0;0;0;0;1;0;0;0;0;0;0;0;0;0;0;0;0;0;0;0;0;0;0;7;3;TXT_KEY_TECH_ACOUSTICS_QUOTE;14;-1;TECH_ATLAS_2;AS2D_TECH_ACOUSTICS;AS2D_HEADING_TECH_ACOUSTICS
33;TECH_BANKING;TXT_KEY_TECH_BANKING_TITLE;TXT_KEY_TECH_BANKING_DESC;TXT_KEY_TECH_BANKING_HELP;0;0;780;-1;ERA_RENAISSANCE;;0;0;0;0;0;0;1;0;0;0;0;0;0;0;0;1;0;0;0;0;0;0;0;0;0;0;0;0;0;0;0;0;0;0;7;5;TXT_KEY_TECH_BANKING_QUOTE;31;-1;TECH_ATLAS_1;AS2D_TECH_BANKING;AS2D_HEADING_TECH_BANKING
34;TECH_PRINTING_PRESS;TXT_KEY_TECH_PRINTING_PRESS_TITLE;TXT_KEY_TECH_PRINTING_PRESS_DESC;TXT_KEY_TECH_PRINTING_PRESS_HELP;0;0;780;-1;ERA_RENAISSANCE;;0;0;0;0;0;0;0;0;0;0;0;0;0;0;0;1;0;0;0;0;0;0;0;0;0;0;0;0;0;0;0;0;0;1;7;7;TXT_KEY_TECH_PRINTING_PRESS_QUOTE;30;-1;TECH_ATLAS_1;AS2D_TECH_PRINTING_PRESS;AS2D_HEADING_TECH_PRINTING_PRESS
35;TECH_GUNPOWDER;TXT_KEY_TECH_GUNPOWDER_TITLE;TXT_KEY_TECH_GUNPOWDER_DESC;TXT_KEY_TECH_GUNPOWDER_HELP;0;0;780;-1;ERA_RENAISSANCE;;0;0;0;0;0;0;0;0;0;0;0;0;0;0;0;1;0;0;0;0;0;0;0;0;0;0;0;0;0;0;0;0;0;0;7;9;TXT_KEY_TECH_GUNPOWDER_QUOTE;32;-1;TECH_ATLAS_1;AS2D_TECH_GUNPOWDER;AS2D_HEADING_TECH_GUNPOWDER
36;TECH_NAVIGATION;TXT_KEY_TECH_NAVIGATION_TITLE;TXT_KEY_TECH_NAVIGATION_DESC;TXT_KEY_TECH_NAVIGATION_HELP;0;0;1150;-1;ERA_RENAISSANCE;;0;0;0;0;0;0;0;0;0;0;0;0;0;0;0;1;0;0;0;0;0;0;0;0;0;0;0;0;0;0;0;0;0;0;8;1;TXT_KEY_TECH_NAVIGATION_QUOTE;29;-1;TECH_ATLAS_1;AS2D_TECH_NAVIGATION;AS2D_HEADING_TECH_NAVIGATION
37;TECH_ARCHITECTURE;TXT_KEY_TECH_ARCHITECTURE_TITLE;TXT_KEY_TECH_ARCHITECTURE_DESC;TXT_KEY_TECH_ARCHITECTURE_HELP;0;0;1150;-1;ERA_RENAISSANCE;;0;0;0;0;0;0;0;0;0;0;0;0;0;0;0;1;0;0;0;0;0;0;0;0;0;0;0;0;0;0;0;0;0;0;8;3;TXT_KEY_TECH_ARCHITECTURE_QUOTE;0;-1;EXPANSION_TECH_ATLAS_1;AS2D_TECH_ARCHITECTURE;AS2D_HEADING_TECH_ARCHITECTURE
38;TECH_ECONOMICS;TXT_KEY_TECH_ECONOMICS_TITLE;TXT_KEY_TECH_ECONOMICS_DESC;TXT_KEY_TECH_ECONOMICS_HELP;0;0;1150;-1;ERA_RENAISSANCE;;0;0;0;0;0;0;0;0;0;0;0;0;0;0;0;1;0;0;0;0;0;0;0;0;0;0;0;0;0;0;0;0;0;0;8;5;TXT_KEY_TECH_ECONOMICS_QUOTE;35;-1;TECH_ATLAS_1;AS2D_TECH_ECONOMICS;AS2D_HEADING_TECH_ECONOMICS
39;TECH_METALLURGY;TXT_KEY_TECH_METALLURGY_TITLE;TXT_KEY_TECH_METALLURGY_DESC;TXT_KEY_TECH_METALLURGY_HELP;0;0;1150;-1;ERA_RENAISSANCE;;0;0;0;0;0;0;0;0;0;0;0;0;0;0;0;1;0;0;0;0;0;0;0;0;0;0;0;0;0;0;0;0;0;0;8;8;TXT_KEY_TECH_METALLURGY_QUOTE;33;-1;TECH_ATLAS_1;AS2D_TECH_METALLURGY;AS2D_HEADING_TECH_METALLURGY
40;TECH_CHEMISTRY;TXT_KEY_TECH_CHEMISTRY_TITLE;TXT_KEY_TECH_CHEMISTRY_DESC;TXT_KEY_TECH_CHEMISTRY_HELP;0;0;1150;-1;ERA_RENAISSANCE;;0;0;0;0;0;0;0;0;0;0;0;0;0;0;0;1;0;0;0;0;0;0;0;0;0;0;0;0;0;0;0;0;0;0;8;9;TXT_KEY_TECH_CHEMISTRY_QUOTE;37;-1;TECH_ATLAS_1;AS2D_TECH_CHEMISTRY;AS2D_HEADING_TECH_CHEMISTRY
41;TECH_ARCHAEOLOGY;TXT_KEY_TECH_ARCHAEOLOGY_TITLE;TXT_KEY_TECH_ARCHAEOLOGY_DESC;TXT_KEY_TECH_ARCHAEOLOGY_HELP;0;0;1600;-1;ERA_INDUSTRIAL;;0;0;0;0;0;0;0;0;0;0;0;0;0;0;0;1;0;0;0;0;0;0;0;0;0;0;0;0;0;0;0;0;1;0;9;1;TXT_KEY_TECH_ARCHAEOLOGY_QUOTE;43;-1;TECH_ATLAS_1;AS2D_TECH_ARCHAEOLOGY;AS2D_HEADING_TECH_ARCHAEOLOGY
42;TECH_SCIENTIFIC_THEORY;TXT_KEY_TECH_SCIENTIFIC_THEORY_TITLE;TXT_KEY_TECH_SCIENTIFIC_THEORY_DESC;TXT_KEY_TECH_SCIENTIFIC_THEORY_HELP;0;0;1600;-1;ERA_INDUSTRIAL;;0;0;0;0;0;0;0;0;0;0;0;0;0;0;0;1;0;0;0;0;0;0;0;0;0;0;0;0;0;0;0;0;0;0;9;3;TXT_KEY_TECH_SCIENTIFIC_THEORY_QUOTE;39;-1;TECH_ATLAS_1;AS2D_TECH_SCIENTIFIC_THEORY;AS2D_HEADING_TECH_SCIENTIFIC_THEORY
43;TECH_INDUSTRIALIZATION;TXT_KEY_TECH_INDUSTRIALIZATION_TITLE;TXT_KEY_TECH_INDUSTRIALIZATION_DESC;TXT_KEY_TECH_INDUSTRIALIZATION_HELP;0;0;1600;-1;ERA_INDUSTRIAL;;0;0;0;0;0;0;0;0;0;0;0;0;0;0;0;1;0;0;0;0;0;0;0;0;0;0;0;0;0;0;0;0;0;0;9;5;TXT_KEY_TECH_INDUSTRIALIZATION_QUOTE;5;-1;EXPANSION_TECH_ATLAS_1;AS2D_TECH_INDUSTRIALIZATION;AS2D_HEADING_TECH_INDUSTRIALIZATION
44;TECH_RIFLING;TXT_KEY_TECH_RIFLING_TITLE;TXT_KEY_TECH_RIFLING_DESC;TXT_KEY_TECH_RIFLING_HELP;0;0;1600;-1;ERA_INDUSTRIAL;;0;0;0;0;0;0;0;0;0;0;0;0;0;0;0;1;0;0;0;0;0;0;0;0;0;0;0;0;0;0;0;0;0;0;9;6;TXT_KEY_TECH_RIFLING_QUOTE;40;-1;TECH_ATLAS_1;AS2D_TECH_RIFLING;AS2D_HEADING_TECH_RIFLING
45;TECH_MILITARY_SCIENCE;TXT_KEY_TECH_MILITARY_SCIENCE_TITLE;TXT_KEY_TECH_MILITARY_SCIENCE_DESC;TXT_KEY_TECH_MILITARY_SCIENCE_HELP;0;0;1600;-1;ERA_INDUSTRIAL;;0;0;0;0;0;0;0;0;0;0;0;0;0;0;0;1;0;0;0;0;0;0;0;0;0;0;0;0;0;0;0;0;0;0;9;8;TXT_KEY_TECH_MILITARY_SCIENCE_QUOTE;36;-1;TECH_ATLAS_1;AS2D_TECH_MILITARY_SCIENCE;AS2D_HEADING_TECH_MILITARY_SCIENCE
46;TECH_FERTILIZER;TXT_KEY_TECH_FERTILIZER_TITLE;TXT_KEY_TECH_FERTILIZER_DESC;TXT_KEY_TECH_FERTILIZER_HELP;0;0;1600;-1;ERA_INDUSTRIAL;;0;0;0;0;0;0;0;0;0;0;0;0;0;0;0;1;0;0;0;0;0;0;0;0;0;0;0;0;0;0;0;0;0;0;9;9;TXT_KEY_TECH_FERTILIZER_QUOTE;41;-1;TECH_ATLAS_1;AS2D_TECH_FERTILIZER;AS2D_HEADING_TECH_FERTILIZER
47;TECH_BIOLOGY;TXT_KEY_TECH_BIOLOGY_TITLE;TXT_KEY_TECH_BIOLOGY_DESC;TXT_KEY_TECH_BIOLOGY_HELP;0;0;2350;-1;ERA_INDUSTRIAL;;0;0;0;0;0;0;1;0;0;0;0;0;0;0;0;1;0;0;0;0;0;0;0;0;0;0;0;0;0;0;0;0;0;0;10;1;TXT_KEY_TECH_BIOLOGY_QUOTE;38;-1;TECH_ATLAS_1;AS2D_TECH_BIOLOGY;AS2D_HEADING_TECH_BIOLOGY
48;TECH_ELECTRICITY;TXT_KEY_TECH_ELECTRICITY_TITLE;TXT_KEY_TECH_ELECTRICITY_DESC;TXT_KEY_TECH_ELECTRICITY_HELP;0;0;2350;-1;ERA_INDUSTRIAL;;0;0;0;0;0;0;0;0;0;0;0;0;0;0;0;1;0;0;0;0;0;0;0;0;0;0;0;0;0;0;0;0;0;0;10;2;TXT_KEY_TECH_ELECTRICITY_QUOTE;46;-1;TECH_ATLAS_1;AS2D_TECH_ELECTRICITY;AS2D_HEADING_TECH_ELECTRICITY
49;TECH_STEAM_POWER;TXT_KEY_TECH_STEAM_POWER_TITLE;TXT_KEY_TECH_STEAM_POWER_DESC;TXT_KEY_TECH_STEAM_POWER_HELP;0;0;2350;-1;ERA_INDUSTRIAL;;0;0;0;0;0;1;0;0;0;0;0;0;0;0;0;1;0;0;0;0;0;0;0;0;0;0;0;0;0;0;0;0;0;0;10;5;TXT_KEY_TECH_STEAM_POWER_QUOTE;42;-1;TECH_ATLAS_1;AS2D_TECH_STEAM_POWER;AS2D_HEADING_TECH_STEAM_POWER
50;TECH_DYNAMITE;TXT_KEY_TECH_DYNAMITE_TITLE;TXT_KEY_TECH_DYNAMITE_DESC;TXT_KEY_TECH_DYNAMITE_HELP;0;0;2350;-1;ERA_INDUSTRIAL;;0;0;0;0;0;0;0;0;0;0;0;0;0;0;0;1;0;0;0;0;0;0;0;0;0;0;0;0;0;0;0;0;0;0;10;8;TXT_KEY_TECH_DYNAMITE_QUOTE;44;-1;TECH_ATLAS_1;AS2D_TECH_DYNAMITE;AS2D_HEADING_TECH_DYNAMITE
51;TECH_REFRIGERATION;TXT_KEY_TECH_REFRIGERATION_TITLE;TXT_KEY_TECH_REFRIGERATION_DESC;TXT_KEY_TECH_REFRIGERATION_HELP;0;0;3100;-1;ERA_MODERN;;0;0;0;0;0;0;0;0;0;0;0;0;0;0;0;1;0;0;0;0;0;0;0;0;0;0;0;0;0;0;0;0;0;0;11;1;TXT_KEY_TECH_REFRIGERATION_QUOTE;50;-1;TECH_ATLAS_1;AS2D_TECH_REFRIGERATION;AS2D_HEADING_TECH_REFRIGERATION
52;TECH_RADIO;TXT_KEY_TECH_RADIO_TITLE;TXT_KEY_TECH_RADIO_DESC;TXT_KEY_TECH_RADIO_HELP;0;0;3100;-1;ERA_MODERN;;0;0;0;0;0;0;0;0;0;0;0;0;0;0;0;1;0;0;0;0;0;0;0;0;0;0;0;0;0;0;0;0;0;0;11;2;TXT_KEY_TECH_RADIO_QUOTE;55;-1;TECH_ATLAS_1;AS2D_TECH_RADIO;AS2D_HEADING_TECH_RADIO
53;TECH_REPLACEABLE_PARTS;TXT_KEY_TECH_REPLACEABLE_PARTS_TITLE;TXT_KEY_TECH_REPLACEABLE_PARTS_DESC;TXT_KEY_TECH_REPLACEABLE_PARTS_HELP;0;0;3100;-1;ERA_MODERN;;0;0;0;0;0;0;0;0;0;0;0;0;0;0;0;1;0;0;0;0;0;0;0;0;0;0;0;0;0;0;0;0;0;0;11;3;TXT_KEY_TECH_REPLACEABLE_PARTS_QUOTE;49;-1;TECH_ATLAS_1;AS2D_TECH_REPLACEABLE_PARTS;AS2D_HEADING_TECH_REPLACEABLE_PARTS
54;TECH_FLIGHT;TXT_KEY_TECH_FLIGHT_TITLE;TXT_KEY_TECH_FLIGHT_DESC;TXT_KEY_TECH_FLIGHT_HELP;0;0;3100;-1;ERA_MODERN;;0;0;0;0;0;0;0;0;0;0;0;0;0;0;0;1;0;0;0;0;0;0;0;0;0;0;0;0;0;0;0;0;0;0;11;5;TXT_KEY_TECH_FLIGHT_QUOTE;53;-1;TECH_ATLAS_1;AS2D_TECH_FLIGHT;AS2D_HEADING_TECH_FLIGHT
55;TECH_RAILROAD;TXT_KEY_TECH_RAILROAD_TITLE;TXT_KEY_TECH_RAILROAD_DESC;TXT_KEY_TECH_RAILROAD_HELP;0;0;3100;-1;ERA_MODERN;;0;0;0;0;0;0;1;0;0;0;0;0;0;0;0;1;0;0;0;0;0;0;0;0;0;0;0;0;0;0;0;0;0;0;11;7;TXT_KEY_TECH_RAILROAD_QUOTE;45;-1;TECH_ATLAS_1;AS2D_TECH_RAILROAD;AS2D_HEADING_TECH_RAILROAD
56;TECH_PLASTIC;TXT_KEY_TECH_PLASTICS_TITLE;TXT_KEY_TECH_PLASTICS_DESC;TXT_KEY_TECH_PLASTICS_HELP;0;0;4100;-1;ERA_MODERN;;0;0;0;0;0;0;0;0;0;0;0;0;0;0;0;1;0;0;0;0;0;0;0;0;0;0;0;0;0;0;0;0;0;0;12;2;TXT_KEY_TECH_PLASTICS_QUOTE;58;-1;TECH_ATLAS_1;AS2D_TECH_PLASTIC;AS2D_HEADING_TECH_PLASTIC
57;TECH_ELECTRONICS;TXT_KEY_TECH_ELECTRONICS_TITLE;TXT_KEY_TECH_ELECTRONICS_DESC;TXT_KEY_TECH_ELECTRONICS_HELP;0;0;4100;-1;ERA_MODERN;;0;0;0;0;0;0;0;0;0;0;0;0;0;0;0;1;0;0;0;0;0;0;0;0;0;0;0;0;0;0;0;0;0;0;12;4;TXT_KEY_TECH_ELECTRONICS_QUOTE;60;-1;TECH_ATLAS_1;AS2D_TECH_ELECTRONICS;AS2D_HEADING_TECH_ELECTRONICS
58;TECH_BALLISTICS;TXT_KEY_TECH_BALLISTICS_TITLE;TXT_KEY_TECH_BALLISTICS_DESC;TXT_KEY_TECH_BALLISTICS_HELP;0;0;4100;-1;ERA_MODERN;;0;0;0;0;0;0;0;0;0;0;0;0;0;0;0;1;0;0;0;0;0;0;0;0;0;0;0;0;0;0;0;0;0;0;12;5;TXT_KEY_TECH_BALLISTICS_QUOTE;1;-1;EXPANSION_TECH_ATLAS_1;AS2D_TECH_BALLISTICS_EXPANSION;AS2D_HEADING_TECH_BALLISTICS
59;TECH_COMBUSTION;TXT_KEY_TECH_COMBUSTION_TITLE;TXT_KEY_TECH_COMBUSTION_DESC;TXT_KEY_TECH_COMBUSTION_HELP;0;0;4100;-1;ERA_MODERN;;0;0;0;0;0;0;0;0;0;0;0;0;0;0;0;1;0;0;0;0;0;0;0;0;0;0;0;0;0;0;0;0;0;0;12;7;TXT_KEY_TECH_COMBUSTION_QUOTE;48;-1;TECH_ATLAS_1;AS2D_TECH_COMBUSTION;AS2D_HEADING_TECH_COMBUSTION
60;TECH_PENICILIN;TXT_KEY_TECH_PENICILIN_TITLE;TXT_KEY_TECH_PENICILIN_DESC;TXT_KEY_TECH_PENICILIN_HELP;0;0;5100;-1;ERA_POSTMODERN;;0;0;0;0;0;0;1;0;0;0;0;0;0;0;0;1;0;0;0;0;0;0;0;0;0;0;0;0;0;0;0;0;0;0;13;1;TXT_KEY_TECH_PENICILIN_QUOTE;12;-1;TECH_ATLAS_2;AS2D_TECH_PENICLLIN;AS2D_HEADING_TECH_PENICLLIN
61;TECH_ATOMIC_THEORY;TXT_KEY_TECH_ATOMIC_THEORY_TITLE;TXT_KEY_TECH_ATOMIC_THEORY_DESC;TXT_KEY_TECH_ATOMIC_THEORY_HELP;0;0;5100;-1;ERA_POSTMODERN;;0;0;0;0;0;0;0;0;0;0;0;0;0;0;0;1;0;0;0;0;0;0;0;0;0;0;0;0;0;0;0;0;0;0;13;3;TXT_KEY_TECH_ATOMIC_THEORY_QUOTE;52;-1;TECH_ATLAS_1;AS2D_TECH_ATOMIC_THEORY;AS2D_HEADING_TECH_ATOMIC_THEORY
62;TECH_RADAR;TXT_KEY_TECH_RADAR_TITLE;TXT_KEY_TECH_RADAR_DESC;TXT_KEY_TECH_RADAR_HELP;0;0;5100;-1;ERA_POSTMODERN;;0;0;0;0;0;0;0;0;0;0;0;0;0;0;0;1;0;0;0;0;0;0;0;0;0;0;0;0;0;0;0;0;0;0;13;5;TXT_KEY_TECH_RADAR_QUOTE;57;-1;TECH_ATLAS_1;AS2D_TECH_RADAR;AS2D_HEADING_TECH_RADAR
63;TECH_COMBINED_ARMS;TXT_KEY_TECH_COMBINED_ARMS_TITLE;TXT_KEY_TECH_COMBINED_ARMS_DESC;TXT_KEY_TECH_COMBINED_ARMS_HELP;0;0;5100;-1;ERA_POSTMODERN;;0;0;0;0;0;0;0;0;0;0;0;0;0;0;0;1;0;0;0;0;0;0;0;0;0;0;0;0;0;0;0;0;0;0;13;7;TXT_KEY_TECH_COMBINED_ARMS_QUOTE;3;-1;EXPANSION_TECH_ATLAS_1;AS2D_TECH_COMBINED_ARMS;AS2D_HEADING_TECH_COMBINED_ARMS
64;TECH_ECOLOGY;TXT_KEY_TECH_ECOLOGY_TITLE;TXT_KEY_TECH_ECOLOGY_DESC;TXT_KEY_TECH_ECOLOGY_HELP;0;0;6400;-1;ERA_POSTMODERN;;0;0;0;0;0;0;0;0;0;0;0;0;0;0;0;1;0;0;0;0;0;0;0;0;0;0;0;0;0;0;0;0;0;0;14;1;TXT_KEY_TECH_ECOLOGY_QUOTE;0;-1;TECH_ATLAS_2;AS2D_TECH_ECOLOGY;AS2D_HEADING_TECH_ECOLOGY
65;TECH_NUCLEAR_FISSION;TXT_KEY_TECH_NUCLEAR_FISSION_TITLE;TXT_KEY_TECH_NUCLEAR_FISSION_DESC;TXT_KEY_TECH_NUCLEAR_FISSION_HELP;0;0;6400;-1;ERA_POSTMODERN;;0;0;0;0;0;0;0;0;0;0;0;0;0;0;0;1;0;0;0;0;0;0;0;0;0;0;0;0;0;0;0;0;0;0;14;3;TXT_KEY_TECH_NUCLEAR_FISSION_QUOTE;56;-1;TECH_ATLAS_1;AS2D_TECH_NUCLEAR_FISSION;AS2D_HEADING_TECH_NUCLEAR_FISSION
66;TECH_ROCKETRY;TXT_KEY_TECH_ROCKETRY_TITLE;TXT_KEY_TECH_ROCKETRY_DESC;TXT_KEY_TECH_ROCKETRY_HELP;0;0;6400;-1;ERA_POSTMODERN;;0;0;0;0;0;0;0;0;0;0;0;0;0;0;0;1;0;0;0;0;0;0;0;0;0;0;0;0;0;0;0;0;0;0;14;5;TXT_KEY_TECH_ROCKETRY_QUOTE;61;-1;TECH_ATLAS_1;AS2D_TECH_ROCKETRY;AS2D_HEADING_TECH_ROCKETRY
67;TECH_COMPUTERS;TXT_KEY_TECH_COMPUTERS_TITLE;TXT_KEY_TECH_COMPUTERS_DESC;TXT_KEY_TECH_COMPUTERS_HELP;0;0;6400;-1;ERA_POSTMODERN;;0;0;0;0;0;0;0;0;0;0;0;0;0;0;0;1;0;0;0;0;0;0;0;0;0;0;0;0;0;0;0;0;0;0;14;7;TXT_KEY_TECH_COMPUTERS_QUOTE;1;-1;TECH_ATLAS_2;AS2D_TECH_COMPUTERS;AS2D_HEADING_TECH_COMPUTERS
68;TECH_TELECOM;TXT_KEY_TECH_TELECOM_TITLE;TXT_KEY_TECH_TELECOM_DESC;TXT_KEY_TECH_TELECOM_HELP;0;0;7700;-1;ERA_FUTURE;;0;0;0;0;0;0;0;0;0;0;0;0;0;0;0;1;0;0;0;0;0;0;0;0;0;0;0;0;0;0;0;0;0;0;15;1;TXT_KEY_TECH_TELECOM_QUOTE;7;-1;EXPANSION_TECH_ATLAS_1;AS2D_TECH_TELECOM;AS2D_HEADING_TECH_TELECOM
69;TECH_MOBILE_TACTICS;TXT_KEY_TECH_MOBILE_TACTICS_TITLE;TXT_KEY_TECH_MOBILE_TACTICS_DESC;TXT_KEY_TECH_MOBILE_TACTICS_HELP;0;0;7700;-1;ERA_FUTURE;;0;0;0;0;0;0;0;0;0;0;0;0;0;0;0;1;0;0;0;0;0;0;0;0;0;0;0;0;0;0;0;0;0;0;15;2;TXT_KEY_TECH_MOBILE_TACTICS_QUOTE;6;-1;EXPANSION_TECH_ATLAS_1;AS2D_TECH_MOBILE_TACTICS;AS2D_HEADING_TECH_MOBILE_TACTICS
70;TECH_ADVANCED_BALLISTICS;TXT_KEY_TECH_ADVANCED_BALLISTICS_TITLE;TXT_KEY_TECH_ADVANCED_BALLISTICS_DESC;TXT_KEY_TECH_ADVANCED_BALLISTICS_HELP;0;0;7700;-1;ERA_FUTURE;;0;0;0;0;0;0;0;0;0;0;0;0;0;0;0;1;0;0;0;0;0;0;0;0;0;0;0;0;0;0;0;0;0;0;15;4;TXT_KEY_TECH_ADVANCED_BALLISTICS_QUOTE;11;-1;TECH_ATLAS_2;AS2D_TECH_ADVANCED_BALLASTICS;AS2D_HEADING_TECH_ADVANCED_BALLASTICS
71;TECH_SATELLITES;TXT_KEY_TECH_SATELLITES_TITLE;TXT_KEY_TECH_SATELLITES_DESC;TXT_KEY_TECH_SATELLITES_HELP;0;0;7700;-1;ERA_FUTURE;;0;0;0;0;0;0;0;0;0;0;0;0;0;0;0;1;0;0;0;0;1;0;0;0;0;0;0;0;0;0;0;0;0;0;15;5;TXT_KEY_TECH_SATELLITES_QUOTE;2;-1;TECH_ATLAS_2;AS2D_TECH_SATELLITES;AS2D_HEADING_TECH_SATELLITES
72;TECH_ROBOTICS;TXT_KEY_TECH_ROBOTICS_TITLE;TXT_KEY_TECH_ROBOTICS_DESC;TXT_KEY_TECH_ROBOTICS_HELP;0;0;7700;-1;ERA_FUTURE;;0;0;0;0;0;0;0;0;0;0;0;0;0;0;0;1;0;0;0;0;0;0;0;0;0;0;0;0;0;0;0;0;0;0;15;6;TXT_KEY_TECH_ROBOTICS_QUOTE;5;-1;TECH_ATLAS_2;AS2D_TECH_ROBOTICS;AS2D_HEADING_TECH_ROBOTICS
73;TECH_LASERS;TXT_KEY_TECH_LASERS_TITLE;TXT_KEY_TECH_LASERS_DESC;TXT_KEY_TECH_LASERS_HELP;0;0;7700;-1;ERA_FUTURE;;0;0;0;0;0;0;0;0;0;0;0;0;0;0;0;1;0;0;0;0;0;0;0;0;0;0;0;0;0;0;0;0;0;0;15;7;TXT_KEY_TECH_LASERS_QUOTE;62;-1;TECH_ATLAS_1;AS2D_TECH_LASERS;AS2D_HEADING_TECH_LASERS
74;TECH_INTERNET;TXT_KEY_TECH_INTERNET_TITLE;TXT_KEY_TECH_INTERNET_DESC;TXT_KEY_TECH_INTERNET_HELP;0;0;8800;-1;ERA_FUTURE;;0;0;0;0;0;0;0;100;0;0;0;0;0;0;0;1;0;0;0;0;0;0;0;0;0;0;0;0;0;0;0;0;0;0;16;0;TXT_KEY_TECH_INTERNET_QUOTE;0;-1;EXPANSION2_TECH_ATLAS;AS2D_TECH_INTERNET;AS2D_HEADING_TECH_INTERNET
75;TECH_GLOBALIZATION;TXT_KEY_TECH_GLOBALIZATION_TITLE;TXT_KEY_TECH_GLOBALIZATION_DESC;TXT_KEY_TECH_GLOBALIZATION_HELP;0;0;8800;-1;ERA_FUTURE;;0;0;0;0;0;0;0;0;1;0;0;0;0;0;0;1;0;0;0;0;0;0;0;0;0;0;0;0;0;0;0;0;0;0;16;1;TXT_KEY_TECH_GLOBALIZATION_QUOTE;4;-1;TECH_ATLAS_2;AS2D_TECH_GLOBALIZATION;AS2D_HEADING_TECH_GLOBALIZATION
76;TECH_PARTICLE_PHYSICS;TXT_KEY_TECH_PARTICLE_PHYSICS_TITLE;TXT_KEY_TECH_PARTICLE_PHYSICS_DESC;TXT_KEY_TECH_PARTICLE_PHYSICS_HELP;0;0;8800;-1;ERA_FUTURE;;0;0;0;0;0;0;0;0;0;0;0;0;0;0;0;1;0;0;0;0;0;0;0;0;0;0;0;0;0;0;0;0;0;0;16;2;TXT_KEY_TECH_PARTICLE_PHYSICS_QUOTE;7;-1;TECH_ATLAS_2;AS2D_TECH_PARTICLE_PHYSICS;AS2D_HEADING_TECH_PARTICLE_PHYSICS
77;TECH_NUCLEAR_FUSION;TXT_KEY_TECH_NUCLEAR_FUSION_TITLE;TXT_KEY_TECH_NUCLEAR_FUSION_DESC;TXT_KEY_TECH_NUCLEAR_FUSION_HELP;0;0;8800;-1;ERA_FUTURE;;0;0;0;0;0;0;0;0;0;0;0;0;0;0;0;1;0;0;0;0;0;0;0;0;0;0;0;0;0;0;0;0;0;0;16;5;TXT_KEY_TECH_NUCLEAR_FUSION_QUOTE;9;-1;TECH_ATLAS_2;AS2D_TECH_NUCLEAR_FUSION;AS2D_HEADING_TECH_NUCLEAR_FUSION
78;TECH_NANOTECHNOLOGY;TXT_KEY_TECH_NANOTECHNOLOGY_TITLE;TXT_KEY_TECH_NANOTECHNOLOGY_DESC;TXT_KEY_TECH_NANOTECHNOLOGY_HELP;0;0;8800;-1;ERA_FUTURE;;0;0;0;0;0;0;0;0;0;0;0;0;0;0;0;1;0;0;0;0;0;0;0;0;0;0;0;0;0;0;0;0;0;0;16;6;TXT_KEY_TECH_NANOTECHNOLOGY_QUOTE;8;-1;TECH_ATLAS_2;AS2D_TECH_NANOTECHNOLOGY;AS2D_HEADING_TECH_NANOTECHNOLOGY
79;TECH_STEALTH;TXT_KEY_TECH_STEALTH_TITLE;TXT_KEY_TECH_STEALTH_DESC;TXT_KEY_TECH_STEALTH_HELP;0;0;8800;-1;ERA_FUTURE;;0;0;0;0;0;0;0;0;0;0;0;0;0;0;0;1;0;0;0;0;0;0;0;0;0;0;0;0;0;0;0;0;0;0;16;7;TXT_KEY_TECH_STEALTH_QUOTE;3;-1;TECH_ATLAS_2;AS2D_TECH_STEALTH;AS2D_HEADING_TECH_STEALTH
80;TECH_FUTURE_TECH;TXT_KEY_TECH_FUTURE_TECH_TITLE;TXT_KEY_TECH_FUTURE_TECH_DESC;TXT_KEY_TECH_FUTURE_TECH_HELP;0;0;9500;-1;ERA_FUTURE;;0;0;0;0;0;0;0;0;0;0;0;0;0;0;1;1;0;0;0;0;0;0;0;0;0;0;0;0;0;0;0;0;0;0;17;4;TXT_KEY_TECH_FUTURE_TECH_QUOTE;10;-1;TECH_ATLAS_2;AS2D_TECH_FUTURE_TECH;AS2D_HEADING_TECH_FUTURE_TECH
