ID;Type;Description;Civilopedia;Strategy;Help;Requirements;Combat;RangedCombat;Cost;FaithCost;RequiresFaithPurchaseEnabled;PurchaseOnly;MoveAfterPurchase;Moves;Immobile;Range;BaseSightRange;Class;Special;Capture;CombatClass;Domain;CivilianAttackPriority;DefaultUnitAI;Food;NoBadGoodies;RivalTerritory;MilitarySupport;MilitaryProduction;Pillage;PillagePrereqTech;Found;FoundAbroad;CultureBombRadius;GoldenAgeTurns;FreePolicies;OneShotTourism;OneShotTourismPercentOthers;IgnoreBuildingDefense;PrereqResources;Mechanized;Suicide;CaptureWhileEmbarked;PrereqTech;ObsoleteTech;GoodyHutUpgradeUnitClass;HurryCostModifier;AdvancedStartCost;MinAreaSize;AirInterceptRange;AirUnitCap;NukeDamageLevel;WorkRate;NumFreeTechs;BaseBeakersTurnsToCount;BaseCultureTurnsToCount;RushBuilding;BaseHurry;HurryMultiplier;BaseGold;NumGoldPerEra;SpreadReligion;RemoveHeresy;ReligionSpreads;ReligiousStrength;FoundReligion;RequiresEnhancedReligion;ProhibitsSpread;CanBuyCityState;CombatLimit;RangeAttackOnlyInDomain;RangeAttackIgnoreLOS;Trade;NumExoticGoods;PolicyType;RangedCombatLimit;XPValueAttack;XPValueDefense;SpecialCargo;DomainCargo;Conscription;ExtraMaintenanceCost;NoMaintenance;Unhappiness;UnitArtInfo;UnitArtInfoCulturalVariation;UnitArtInfoEraVariation;ProjectPrereq;SpaceshipProject;LeaderPromotion;LeaderExperience;DontShowYields;ShowInPedia;MoveRate;UnitFlagIconOffset;PortraitIndex;IconAtlas;UnitFlagAtlas
0;UNIT_SETTLER;TXT_KEY_UNIT_SETTLER;TXT_KEY_CIV5_ANTIQUITY_SETTLER_TEXT;TXT_KEY_UNIT_SETTLER_STRATEGY;TXT_KEY_UNIT_HELP_SETTLER;TXT_KEY_NO_ACTION_SETTLER_SIZE_LIMIT_HARDCODED;0;0;0;0;0;0;0;2;0;0;2;UNITCLASS_SETTLER;;UNITCLASS_WORKER;;DOMAIN_LAND;CIVILIAN_ATTACK_PRIORITY_HIGH_EARLY_GAME_ONLY;UNITAI_SETTLE;1;0;0;0;0;0;;1;0;0;0;0;0;0;0;0;0;0;0;;;;20;0;-1;0;0;-1;0;0;0;0;0;0;0;0;0;0;0;0;0;0;0;0;0;0;0;0;0;0;;0;0;0;;;0;0;0;0;ART_DEF_UNIT__SETTLER;1;0;;;;0;0;1;BIPED;0;0;UNIT_ATLAS_1;UNIT_FLAG_ATLAS
1;UNIT_WORKER;TXT_KEY_UNIT_WORKER;TXT_KEY_CIV5_ANTIQUITY_WORKER_TEXT;TXT_KEY_UNIT_WORKER_STRATEGY;TXT_KEY_UNIT_HELP_WORKER;;0;0;70;0;0;0;0;2;0;0;2;UNITCLASS_WORKER;;UNITCLASS_WORKER;;DOMAIN_LAND;CIVILIAN_ATTACK_PRIORITY_LOW;UNITAI_WORKER;0;0;0;0;0;0;;0;0;0;0;0;0;0;0;0;0;0;0;;;;0;20;-1;0;0;-1;100;0;0;0;0;0;0;0;0;0;0;0;0;0;0;0;0;0;0;0;0;0;;0;0;0;;;0;0;0;0;ART_DEF_UNIT__WORKER;0;1;;;;0;0;1;BIPED;1;1;UNIT_ATLAS_1;UNIT_FLAG_ATLAS
2;UNIT_WORKBOAT;TXT_KEY_UNIT_WORK_BOAT;TXT_KEY_CIV5_ANTIQUITY_WORKBOAT_TEXT;TXT_KEY_UNIT_WORK_BOAT_STRATEGY;TXT_KEY_UNIT_HELP_WORKBOAT;;0;0;50;0;0;0;0;4;0;0;2;UNITCLASS_WORKBOAT;;;;DOMAIN_SEA;CIVILIAN_ATTACK_PRIORITY_LOW;UNITAI_WORKER_SEA;0;0;0;1;1;0;;0;0;0;0;0;0;0;0;1;1;0;0;TECH_SAILING;;;0;10;-1;0;0;-1;100;0;0;0;0;0;0;0;0;0;0;0;0;0;0;0;0;0;0;0;0;0;;0;0;3;;;0;0;0;0;ART_DEF_UNIT_WORKBOAT;0;1;;;;0;0;1;WOODEN_BOAT;2;2;UNIT_ATLAS_1;UNIT_FLAG_ATLAS
3;UNIT_ARTIST;TXT_KEY_UNIT_GREAT_ARTIST;TXT_KEY_CIV5_GREATARTISTS_TEXT;TXT_KEY_UNIT_GREAT_ARTIST_STRATEGY;;;0;0;-1;0;0;0;0;2;0;0;2;UNITCLASS_ARTIST;SPECIALUNIT_PEOPLE;;;DOMAIN_LAND;CIVILIAN_ATTACK_PRIORITY_HIGH;UNITAI_ARTIST;0;0;0;0;0;0;;0;0;0;8;0;0;0;0;0;0;0;0;;;;0;-1;-1;0;0;-1;1;0;0;0;0;0;0;0;0;0;0;0;0;0;0;0;0;0;0;0;0;0;;0;0;0;;;0;0;0;0;ART_DEF_UNIT_GREAT_ARTIST;0;1;;;;0;0;1;GREAT_PERSON;6;6;EXPANSION2_UNIT_ATLAS;EXPANSION2_UNIT_FLAG_ATLAS
4;UNIT_SCIENTIST;TXT_KEY_UNIT_GREAT_SCIENTIST;TXT_KEY_CIV5_GREATSCIENTISTS_TEXT;TXT_KEY_UNIT_GREAT_SCIENTIST_STRATEGY;;;0;0;-1;0;0;0;0;2;0;0;2;UNITCLASS_SCIENTIST;SPECIALUNIT_PEOPLE;;;DOMAIN_LAND;CIVILIAN_ATTACK_PRIORITY_HIGH;UNITAI_SCIENTIST;0;0;0;0;0;0;;0;0;0;0;0;0;0;0;0;0;0;0;;;;0;-1;-1;0;0;-1;1;0;8;0;0;0;0;0;0;0;0;0;0;0;0;0;0;0;0;0;0;0;;0;0;0;;;0;0;0;0;ART_DEF_UNIT_SCIENTIST;0;1;;;;0;0;1;GREAT_PERSON;91;45;UNIT_ATLAS_2;UNIT_FLAG_ATLAS
5;UNIT_MERCHANT;TXT_KEY_UNIT_GREAT_MERCHANT;TXT_KEY_CIV5_GREATMERCHANTS_TEXT;TXT_KEY_UNIT_GREAT_MERCHANT_STRATEGY;;;0;0;-1;0;0;0;0;2;0;0;2;UNITCLASS_MERCHANT;SPECIALUNIT_PEOPLE;;;DOMAIN_LAND;CIVILIAN_ATTACK_PRIORITY_HIGH;UNITAI_MERCHANT;0;0;0;0;0;0;;0;0;0;0;0;0;0;0;0;0;0;0;;;;0;-1;-1;0;0;-1;1;0;0;0;0;0;0;300;100;0;0;0;0;0;0;0;0;0;0;0;0;0;;0;0;0;;;0;0;0;0;ART_DEF_UNIT_MERCHANT;0;1;;;;0;0;1;GREAT_PERSON;92;46;UNIT_ATLAS_2;UNIT_FLAG_ATLAS
6;UNIT_ENGINEER;TXT_KEY_UNIT_GREAT_ENGINEER;TXT_KEY_CIV5_GREATENGINEERS_TEXT;TXT_KEY_UNIT_GREAT_ENGINEER_STRATEGY;;;0;0;-1;0;0;0;0;2;0;0;2;UNITCLASS_ENGINEER;SPECIALUNIT_PEOPLE;;;DOMAIN_LAND;CIVILIAN_ATTACK_PRIORITY_HIGH;UNITAI_ENGINEER;0;0;0;0;0;0;;0;0;0;0;0;0;0;0;0;0;0;0;;;;0;-1;-1;0;0;-1;1;0;0;0;0;300;30;0;0;0;0;0;0;0;0;0;0;0;0;0;0;0;;0;0;0;;;0;0;0;0;ART_DEF_UNIT_ENGINEER;0;1;;;;0;0;1;GREAT_PERSON;89;47;UNIT_ATLAS_2;UNIT_FLAG_ATLAS
7;UNIT_GREAT_GENERAL;TXT_KEY_UNIT_GREAT_GENERAL;TXT_KEY_CIV5_GREATGENERALS_TEXT;TXT_KEY_UNIT_GREAT_GENERAL_STRATEGY;;;0;0;-1;0;0;0;0;2;0;0;2;UNITCLASS_GREAT_GENERAL;SPECIALUNIT_PEOPLE;;;DOMAIN_LAND;CIVILIAN_ATTACK_PRIORITY_HIGH;UNITAI_GENERAL;0;0;0;0;0;0;;0;0;0;0;0;0;0;0;0;0;0;0;;;;0;-1;-1;0;0;-1;1;0;0;0;0;0;0;0;0;0;0;0;0;0;0;0;0;0;0;0;0;0;;0;0;0;;;0;0;0;0;ART_DEF_UNIT_GENERAL;0;1;;;;0;1;1;GREAT_PERSON;90;48;UNIT_ATLAS_2;UNIT_FLAG_ATLAS
8;UNIT_SS_STASIS_CHAMBER;TXT_KEY_SS_STASIS_CHAMBER;TXT_KEY_PROJECT_SS_STASIS_CHAMBER_PEDIA;TXT_KEY_PROJECT_SS_STASIS_CHAMBER_STRATEGY;TXT_KEY_UNIT_HELP_SS_PART;;0;0;1500;0;0;0;0;2;0;0;2;UNITCLASS_SS_STASIS_CHAMBER;;;;DOMAIN_LAND;CIVILIAN_ATTACK_PRIORITY_HIGH;UNITAI_SPACESHIP_PART;0;0;0;0;0;0;;0;0;0;0;0;0;0;0;0;0;0;0;TECH_NANOTECHNOLOGY;;;-1;-1;-1;0;0;-1;0;0;0;0;0;0;0;0;0;0;0;0;0;0;0;0;0;0;0;0;0;0;;0;0;0;;;0;0;0;0;ART_DEF_UNIT_SS_STASIS_CHAMBER;0;0;PROJECT_APOLLO_PROGRAM;PROJECT_SS_STASIS_CHAMBER;;0;0;1;QUADRUPED;85;38;BW_ATLAS_2;UNIT_FLAG_ATLAS
9;UNIT_SS_ENGINE;TXT_KEY_SS_ENGINE;TXT_KEY_PROJECT_SS_ENGINE_PEDIA;TXT_KEY_PROJECT_SS_ENGINE_STRATEGY;TXT_KEY_UNIT_HELP_SS_PART;;0;0;1500;0;0;0;0;2;0;0;2;UNITCLASS_SS_ENGINE;;;;DOMAIN_LAND;CIVILIAN_ATTACK_PRIORITY_HIGH;UNITAI_SPACESHIP_PART;0;0;0;0;0;0;;0;0;0;0;0;0;0;0;0;0;0;0;TECH_PARTICLE_PHYSICS;;;-1;-1;-1;0;0;-1;0;0;0;0;0;0;0;0;0;0;0;0;0;0;0;0;0;0;0;0;0;0;;0;0;0;;;0;0;0;0;ART_DEF_UNIT_SS_ENGINE;0;0;PROJECT_APOLLO_PROGRAM;PROJECT_SS_ENGINE;;0;0;1;WHEELED;86;39;BW_ATLAS_2;UNIT_FLAG_ATLAS
10;UNIT_SS_COCKPIT;TXT_KEY_SS_COCKPIT;TXT_KEY_PROJECT_SS_COCKPIT_PEDIA;TXT_KEY_PROJECT_SS_COCKPIT_STRATEGY;TXT_KEY_UNIT_HELP_SS_PART;;0;0;1500;0;0;0;0;2;0;0;2;UNITCLASS_SS_COCKPIT;;;;DOMAIN_LAND;CIVILIAN_ATTACK_PRIORITY_HIGH;UNITAI_SPACESHIP_PART;0;0;0;0;0;0;;0;0;0;0;0;0;0;0;0;0;0;0;TECH_SATELLITES;;;-1;-1;-1;0;0;-1;0;0;0;0;0;0;0;0;0;0;0;0;0;0;0;0;0;0;0;0;0;0;;0;0;0;;;0;0;0;0;ART_DEF_UNIT_SS_CAPSULE;0;0;PROJECT_APOLLO_PROGRAM;PROJECT_SS_COCKPIT;;0;0;1;WHEELED;84;36;BW_ATLAS_2;UNIT_FLAG_ATLAS
11;UNIT_SS_BOOSTER;TXT_KEY_SS_BOOSTER;TXT_KEY_PROJECT_SS_BOOSTER_PEDIA;TXT_KEY_PROJECT_SS_BOOSTER_STRATEGY;TXT_KEY_UNIT_HELP_SS_BOOSTER;;0;0;1500;0;0;0;0;2;0;0;2;UNITCLASS_SS_BOOSTER;;;;DOMAIN_LAND;CIVILIAN_ATTACK_PRIORITY_HIGH;UNITAI_SPACESHIP_PART;0;0;0;0;0;0;;0;0;0;0;0;0;0;0;0;0;0;0;TECH_ADVANCED_BALLISTICS;;;-1;-1;-1;0;0;-1;0;0;0;0;0;0;0;0;0;0;0;0;0;0;0;0;0;0;0;0;0;0;;0;0;0;;;0;0;0;0;ART_DEF_UNIT_SS_BOOSTER;0;0;PROJECT_APOLLO_PROGRAM;PROJECT_SS_BOOSTER;;0;0;1;WHEELED;87;35;BW_ATLAS_2;UNIT_FLAG_ATLAS
12;UNIT_MISSILE_CRUISER;TXT_KEY_UNIT_MISSILE_CRUISER;TXT_KEY_CIVILOPEDIA_UNITS_MODERN_MISSLECRUISER_TEXT;TXT_KEY_UNIT_MISSILE_CRUISER_STRATEGY;TXT_KEY_UNIT_HELP_MISSILE_CRUISER;;80;100;425;0;0;0;0;7;0;3;2;UNITCLASS_MISSILE_CRUISER;;;UNITCOMBAT_NAVALRANGED;DOMAIN_SEA;;UNITAI_ASSAULT_SEA;0;0;0;1;1;1;;0;0;0;0;0;0;0;1;0;1;0;0;TECH_ROBOTICS;;;0;60;10;3;0;-1;0;0;0;0;0;0;0;0;0;0;0;0;0;0;0;0;0;100;0;0;0;0;;0;3;3;SPECIALUNIT_MISSILE;DOMAIN_AIR;0;0;0;0;ART_DEF_UNIT_MISSILE_CRUISER;0;0;;;;0;0;1;BOAT;80;33;UNIT_ATLAS_2;UNIT_FLAG_ATLAS
13;UNIT_NUCLEAR_SUBMARINE;TXT_KEY_UNIT_NUCLEAR_SUBMARINE;TXT_KEY_CIVILOPEDIA_UNITS_MODERN_NUCLEARSUBMARINE_TEXT;TXT_KEY_UNIT_NUCLEAR_SUBMARINE_STRATEGY;TXT_KEY_UNIT_HELP_NUCLEAR_SUBMARINE;;50;85;425;0;0;0;0;6;0;3;2;UNITCLASS_NUCLEAR_SUBMARINE;;;UNITCOMBAT_SUBMARINE;DOMAIN_SEA;;UNITAI_ASSAULT_SEA;0;0;0;1;1;1;;0;0;0;0;0;0;0;1;0;1;0;0;TECH_TELECOM;;;0;60;10;0;0;-1;0;0;0;0;0;0;0;0;0;0;0;0;0;0;0;0;0;100;1;0;0;0;;0;3;3;SPECIALUNIT_MISSILE;DOMAIN_AIR;0;0;0;0;ART_DEF_UNIT_NUCLEAR_SUBMARINE;0;0;;;;0;0;1;SUB;81;34;UNIT_ATLAS_2;UNIT_FLAG_ATLAS
14;UNIT_CARRIER;TXT_KEY_UNIT_CARRIER;TXT_KEY_CIV5_INDUSTRIAL_CARRIER_TEXT;TXT_KEY_UNIT_CARRIER_STRATEGY;TXT_KEY_UNIT_HELP_CARRIER;;40;0;375;0;0;0;0;5;0;0;2;UNITCLASS_CARRIER;;;UNITCOMBAT_CARRIER;DOMAIN_SEA;;UNITAI_CARRIER_SEA;0;0;0;1;1;1;;0;0;0;0;0;0;0;1;0;1;0;0;TECH_ELECTRONICS;;;0;60;10;0;0;-1;0;0;0;0;0;0;0;0;0;0;0;0;0;0;0;0;0;100;0;0;0;0;;0;3;3;SPECIALUNIT_FIGHTER;DOMAIN_AIR;0;0;0;0;ART_DEF_UNIT_CARRIER;0;0;;;;0;0;1;BOAT;70;23;UNIT_ATLAS_2;UNIT_FLAG_ATLAS
15;UNIT_BATTLESHIP;TXT_KEY_UNIT_BATTLESHIP;TXT_KEY_CIV5_INDUSTRIAL_BATTLESHIP_TEXT;TXT_KEY_UNIT_BATTLESHIP_STRATEGY;TXT_KEY_UNIT_HELP_BATTLESHIP;;55;65;375;0;0;0;0;5;0;3;2;UNITCLASS_BATTLESHIP;;;UNITCOMBAT_NAVALRANGED;DOMAIN_SEA;;UNITAI_ASSAULT_SEA;0;0;0;1;1;1;;0;0;0;0;0;0;0;1;0;1;0;0;TECH_ELECTRONICS;;;0;60;10;0;0;-1;0;0;0;0;0;0;0;0;0;0;0;0;0;0;0;0;0;100;0;0;0;0;;0;3;3;;;0;0;0;0;ART_DEF_UNIT_BATTLESHIP;0;0;;;;0;0;1;BOAT;68;21;UNIT_ATLAS_2;UNIT_FLAG_ATLAS
16;UNIT_SUBMARINE;TXT_KEY_UNIT_SUBMARINE;TXT_KEY_CIV5_INDUSTRIAL_SUBMARINE_TEXT;TXT_KEY_UNIT_SUBMARINE_STRATEGY;TXT_KEY_UNIT_HELP_SUBMARINE;;35;60;325;0;0;0;0;5;0;2;2;UNITCLASS_SUBMARINE;;;UNITCOMBAT_SUBMARINE;DOMAIN_SEA;;UNITAI_ASSAULT_SEA;0;0;0;1;1;1;;0;0;0;0;0;0;0;1;0;1;0;0;TECH_REFRIGERATION;TECH_TELECOM;;0;60;10;0;0;-1;0;0;0;0;0;0;0;0;0;0;0;0;0;0;0;0;0;100;1;0;0;0;;0;3;3;;;0;0;0;0;ART_DEF_UNIT_SUBMARINE;0;0;;;;0;0;1;SUB;69;22;UNIT_ATLAS_2;UNIT_FLAG_ATLAS
17;UNIT_DESTROYER;TXT_KEY_UNIT_DESTROYER;TXT_KEY_CIV5_INDUSTRIAL_DESTROYER_TEXT;TXT_KEY_UNIT_DESTROYER_STRATEGY;TXT_KEY_UNIT_HELP_DESTROYER;;55;0;375;0;0;0;0;6;0;0;2;UNITCLASS_DESTROYER;;;UNITCOMBAT_NAVALMELEE;DOMAIN_SEA;;UNITAI_ATTACK_SEA;0;0;0;1;1;1;;0;0;0;0;0;0;0;1;0;1;0;0;TECH_COMBUSTION;;;0;60;10;2;0;-1;0;0;0;0;0;0;0;0;0;0;0;0;0;0;0;0;0;100;0;0;0;0;;0;3;3;;;0;0;0;0;ART_DEF_UNIT_DESTROYER;0;0;;;;0;0;1;BOAT;67;20;UNIT_ATLAS_2;UNIT_FLAG_ATLAS
18;UNIT_IRONCLAD;TXT_KEY_UNIT_IRONCLAD;TXT_KEY_CIVILOPEDIA_UNITS_RENAISSANCE_IRONCLAD_TEXT;TXT_KEY_UNIT_IRONCLAD_STRATEGY;TXT_KEY_UNIT_HELP_IRONCLAD;;45;0;250;0;0;0;0;3;0;0;2;UNITCLASS_IRONCLAD;;;UNITCOMBAT_NAVALMELEE;DOMAIN_SEA;;UNITAI_ATTACK_SEA;0;0;0;1;1;1;;0;0;0;0;0;0;0;1;0;1;0;0;TECH_STEAM_POWER;TECH_COMBUSTION;;0;50;10;0;0;-1;0;0;0;0;0;0;0;0;0;0;0;0;0;0;0;0;0;100;0;0;0;0;;0;3;3;;;0;0;0;0;ART_DEF_UNIT_IRONCLAD;0;0;;;;0;0;1;BOAT;53;10;UNIT_ATLAS_2;UNIT_FLAG_ATLAS
19;UNIT_FRIGATE;TXT_KEY_UNIT_FRIGATE;TXT_KEY_CIVILOPEDIA_UNITS_RENAISSANCE_FRIGATE_TEXT;TXT_KEY_UNIT_FRIGATE_STRATEGY;TXT_KEY_UNIT_HELP_FRIGATE;;25;28;185;0;0;0;0;5;0;2;2;UNITCLASS_FRIGATE;;;UNITCOMBAT_NAVALRANGED;DOMAIN_SEA;;UNITAI_ASSAULT_SEA;0;0;0;1;1;1;;0;0;0;0;0;0;0;0;0;1;0;0;TECH_NAVIGATION;TECH_ELECTRONICS;;20;50;10;0;0;-1;0;0;0;0;0;0;0;0;0;0;0;0;0;0;0;0;0;100;0;0;0;0;;0;3;3;;;0;0;0;0;ART_DEF_UNIT_FRIGATE;0;0;;;;0;0;1;WOODEN_BOAT;51;8;UNIT_ATLAS_2;UNIT_FLAG_ATLAS
20;UNIT_ENGLISH_SHIPOFTHELINE;TXT_KEY_UNIT_ENGLISH_SHIPOFTHELINE;TXT_KEY_CIVILOPEDIA_UNITS_RENAISSANCE_SHIPOFTHELINE_TEXT;TXT_KEY_UNIT_ENGLISH_SHIPOFTHELINE_STRATEGY;TXT_KEY_UNIT_HELP_SHIPOFTHELINE;;30;35;170;0;0;0;0;5;0;2;2;UNITCLASS_FRIGATE;;;UNITCOMBAT_NAVALRANGED;DOMAIN_SEA;;UNITAI_ASSAULT_SEA;0;0;0;1;1;1;;0;0;0;0;0;0;0;0;0;1;0;0;TECH_NAVIGATION;TECH_ELECTRONICS;;20;50;10;0;0;-1;0;0;0;0;0;0;0;0;0;0;0;0;0;0;0;0;0;100;0;0;0;0;;0;3;3;;;0;0;0;0;ART_DEF_UNIT_U_ENGLISH_SHIPOFTHELINE;0;0;;;;0;0;1;WOODEN_BOAT;52;9;UNIT_ATLAS_2;UNIT_FLAG_ATLAS
21;UNIT_CARAVEL;TXT_KEY_UNIT_CARAVEL;TXT_KEY_CIVILOPEDIA_UNITS_RENAISSANCE_CARAVEL_TEXT;TXT_KEY_UNIT_CARAVEL_STRATEGY;TXT_KEY_UNIT_HELP_CARAVEL;;20;0;120;0;0;0;0;4;0;0;2;UNITCLASS_CARAVEL;;;UNITCOMBAT_NAVALMELEE;DOMAIN_SEA;;UNITAI_EXPLORE_SEA;0;0;0;1;1;1;;0;0;0;0;0;0;0;0;0;1;0;0;TECH_ASTRONOMY;TECH_STEAM_POWER;;30;50;10;0;0;-1;0;0;0;0;0;0;0;0;0;0;0;0;0;0;0;0;0;100;0;0;0;0;;0;3;3;;;0;0;0;0;ART_DEF_UNIT_CARAVEL;0;0;;;;0;0;1;BOAT;42;43;UNIT_ATLAS_1;UNIT_FLAG_ATLAS
22;UNIT_TRIREME;TXT_KEY_UNIT_TRIREME;TXT_KEY_CIV5_ANTIQUITY_TRIREME_TEXT;TXT_KEY_UNIT_TRIREME_STRATEGY;TXT_KEY_UNIT_HELP_TRIREME;;10;0;45;0;0;0;0;4;0;0;2;UNITCLASS_TRIREME;;;UNITCOMBAT_NAVALMELEE;DOMAIN_SEA;;UNITAI_ATTACK_SEA;0;0;0;1;1;1;;0;0;0;0;0;0;0;0;0;1;0;0;TECH_SAILING;TECH_ASTRONOMY;;0;30;10;0;0;-1;0;0;0;0;0;0;0;0;0;0;0;0;0;0;0;0;0;100;0;0;0;0;;0;3;3;;;0;0;0;0;ART_DEF_UNIT_TRIREME;0;0;;;;0;0;1;WOODEN_BOAT;24;24;UNIT_ATLAS_1;UNIT_FLAG_ATLAS
23;UNIT_MECH;TXT_KEY_UNIT_MECH;TXT_KEY_CIVILOPEDIA_UNITS_MODERN_MECH_TEXT;TXT_KEY_UNIT_MECH_STRATEGY;TXT_KEY_UNIT_HELP_MECH;;150;0;550;1100;1;0;0;5;0;0;2;UNITCLASS_MECH;;;UNITCOMBAT_ARMOR;DOMAIN_LAND;;UNITAI_ATTACK;0;0;0;1;1;1;;0;0;0;0;0;0;0;1;0;1;0;0;TECH_NUCLEAR_FUSION;;;0;80;-1;0;0;-1;0;0;0;0;0;0;0;0;0;0;0;0;0;0;0;0;0;100;0;0;0;0;;0;3;3;;;0;0;0;0;ART_DEF_UNIT_MECH;0;0;;;;0;0;1;ROBOT;83;36;UNIT_ATLAS_2;UNIT_FLAG_ATLAS
24;UNIT_NUCLEAR_MISSILE;TXT_KEY_UNIT_NUCLEAR_MISSILE;TXT_KEY_CIVILOPEDIA_UNITS_MODERN_NUCLEARMISSLE_TEXT;TXT_KEY_UNIT_NUCLEAR_MISSILE_STRATEGY;TXT_KEY_UNIT_HELP_NUCLEAR_MISSILE;;0;0;1000;0;0;0;0;2;1;12;2;UNITCLASS_NUCLEAR_MISSILE;SPECIALUNIT_MISSILE;;;DOMAIN_AIR;;UNITAI_ICBM;0;0;0;1;1;0;;0;0;0;0;0;0;0;1;0;1;1;0;TECH_ADVANCED_BALLISTICS;;;0;80;-1;0;1;2;0;0;0;0;0;0;0;0;0;0;0;0;0;0;0;0;0;0;0;0;0;0;;100;0;2;;;0;0;0;0;ART_DEF_UNIT_NUCLEAR_MISSILE;0;0;PROJECT_MANHATTAN_PROJECT;;;0;0;1;AIR_REBASE;82;35;UNIT_ATLAS_2;UNIT_FLAG_ATLAS
25;UNIT_STEALTH_BOMBER;TXT_KEY_UNIT_STEALTH_BOMBER;TXT_KEY_CIVILOPEDIA_UNITS_MODERN_STEALTHBOMBER_TEXT;TXT_KEY_UNIT_STEALTH_BOMBER_STRATEGY;TXT_KEY_UNIT_HELP_STEALTH_BOMBER;;0;85;425;0;0;0;0;2;1;20;2;UNITCLASS_STEALTH_BOMBER;SPECIALUNIT_STEALTH;;UNITCOMBAT_BOMBER;DOMAIN_AIR;;UNITAI_ATTACK_AIR;0;0;0;1;1;0;;0;0;0;0;0;0;0;1;0;1;0;0;TECH_STEALTH;;;0;70;-1;0;1;-1;0;0;0;0;0;0;0;0;0;0;0;0;0;0;0;0;0;0;0;0;0;0;;100;3;2;;;0;0;0;0;ART_DEF_UNIT_STEALTH_BOMBER;0;0;;;;0;0;1;AIR_REBASE;79;37;UNIT_ATLAS_2;UNIT_FLAG_ATLAS
26;UNIT_JET_FIGHTER;TXT_KEY_UNIT_JET_FIGHTER;TXT_KEY_CIVILOPEDIA_UNITS_MODERN_JETFIGHTER_TEXT;TXT_KEY_UNIT_JET_FIGHTER_STRATEGY;TXT_KEY_UNIT_HELP_JET_FIGHTER;;0;75;425;0;0;0;0;2;1;10;2;UNITCLASS_JET_FIGHTER;SPECIALUNIT_FIGHTER;;UNITCOMBAT_FIGHTER;DOMAIN_AIR;;UNITAI_DEFENSE_AIR;0;0;0;1;1;0;;0;0;0;0;0;0;0;1;0;1;0;0;TECH_LASERS;;;0;70;-1;10;1;-1;0;0;0;0;0;0;0;0;0;0;0;0;0;0;0;0;0;0;0;0;0;0;;100;3;2;;;0;0;0;0;ART_DEF_UNIT_JET_FIGHTER;0;0;;;;0;0;1;AIR_REBASE;78;31;UNIT_ATLAS_2;UNIT_FLAG_ATLAS
27;UNIT_GUIDED_MISSILE;TXT_KEY_UNIT_GUIDED_MISSILE;TXT_KEY_CIVILOPEDIA_UNITS_MODERN_GUIDEDMISSLE_TEXT;TXT_KEY_UNIT_GUIDED_MISSILE_STRATEGY;TXT_KEY_UNIT_HELP_GUIDED_MISSILE;;0;60;150;0;0;0;0;2;1;8;2;UNITCLASS_GUIDED_MISSILE;SPECIALUNIT_MISSILE;;;DOMAIN_AIR;;UNITAI_MISSILE_AIR;0;0;0;1;1;0;;0;0;0;0;0;0;0;1;0;1;1;0;TECH_ADVANCED_BALLISTICS;;;0;40;-1;0;1;-1;0;0;0;0;0;0;0;0;0;0;0;0;0;0;0;0;0;0;0;0;0;0;;100;0;2;;;0;0;1;0;ART_DEF_UNIT_GUIDED_MISSILE;0;0;;;;0;0;1;AIR_REBASE;77;30;UNIT_ATLAS_2;UNIT_FLAG_ATLAS
28;UNIT_MODERN_ARMOR;TXT_KEY_UNIT_MODERN_ARMOR;TXT_KEY_CIVILOPEDIA_UNITS_MODERN_MODERNARMOR_TEXT;TXT_KEY_UNIT_MODERN_ARMOR_STRATEGY;TXT_KEY_UNIT_HELP_MODERN_ARMOR;;100;0;425;850;1;0;0;5;0;0;2;UNITCLASS_MODERN_ARMOR;;;UNITCOMBAT_ARMOR;DOMAIN_LAND;;UNITAI_FAST_ATTACK;0;0;0;1;1;1;;0;0;0;0;0;0;0;1;0;1;0;0;TECH_LASERS;;;0;70;-1;0;0;-1;0;0;0;0;0;0;0;0;0;0;0;0;0;0;0;0;0;100;0;0;0;0;;0;3;3;;;0;0;0;0;ART_DEF_UNIT_MODERN_ARMOR;0;0;;;;0;0;1;WHEELED;74;27;UNIT_ATLAS_2;UNIT_FLAG_ATLAS
29;UNIT_HELICOPTER_GUNSHIP;TXT_KEY_UNIT_HELICOPTER_GUNSHIP;TXT_KEY_CIVILOPEDIA_UNITS_MODERN_HELICOPTERGUNSHIP_TEXT;TXT_KEY_UNIT_HELICOPTER_GUNSHIP_STRATEGY;TXT_KEY_UNIT_HELP_HELICOPTER_GUNSHIP;;60;0;425;0;0;0;0;6;0;0;2;UNITCLASS_HELICOPTER_GUNSHIP;;;UNITCOMBAT_HELICOPTER;DOMAIN_LAND;;UNITAI_FAST_ATTACK;0;0;0;1;1;1;;0;0;0;0;0;0;0;1;0;0;0;0;TECH_COMPUTERS;;;0;60;-1;0;0;-1;0;0;0;0;0;0;0;0;0;0;0;0;0;0;0;0;0;100;0;0;0;0;;0;3;3;;;0;0;0;0;ART_DEF_UNIT_HELICOPTER_GUNSHIP;0;0;;;;0;0;1;WHEELED;75;28;UNIT_ATLAS_2;UNIT_FLAG_ATLAS
30;UNIT_MOBILE_SAM;TXT_KEY_UNIT_MOBILE_SAM;TXT_KEY_CIVILOPEDIA_UNITS_MODERN_MOBILESAMLAUNCHER_TEXT;TXT_KEY_UNIT_MOBILE_SAM_STRATEGY;TXT_KEY_UNIT_HELP_MOBILE_SAM;;65;0;425;850;1;0;0;3;0;2;2;UNITCLASS_MOBILE_SAM;;;UNITCOMBAT_GUN;DOMAIN_LAND;;UNITAI_COUNTER;0;0;0;1;1;1;;0;0;0;0;0;0;0;1;0;0;0;0;TECH_ROCKETRY;;;0;50;-1;2;0;-1;0;0;0;0;0;0;0;0;0;0;0;0;0;0;0;0;0;100;0;0;0;0;;0;3;3;;;1;0;0;0;ART_DEF_UNIT_MOBILE_SAM;0;0;;;;0;0;1;WHEELED;76;29;UNIT_ATLAS_2;UNIT_FLAG_ATLAS
31;UNIT_ROCKET_ARTILLERY;TXT_KEY_UNIT_ROCKET_ARTILLERY;TXT_KEY_CIVILOPEDIA_UNITS_MODERN_MOBILEROCKETARTILLERY_TEXT;TXT_KEY_UNIT_ROCKET_ARTILLERY_STRATEGY;TXT_KEY_UNIT_HELP_ROCKET_ARTILLERY;;45;60;425;850;1;0;0;2;0;3;2;UNITCLASS_ROCKET_ARTILLERY;;;UNITCOMBAT_SIEGE;DOMAIN_LAND;;UNITAI_CITY_BOMBARD;0;0;0;1;1;1;;0;0;0;0;0;0;0;1;0;1;0;0;TECH_ROCKETRY;;;0;60;-1;0;0;-1;0;0;0;0;0;0;0;0;0;0;0;0;0;0;0;0;0;100;0;0;0;0;;0;3;3;;;0;0;0;0;ART_DEF_UNIT_ROCKET_ARTILLERY;0;0;;;;0;0;1;WHEELED;72;25;UNIT_ATLAS_2;UNIT_FLAG_ATLAS
32;UNIT_MECHANIZED_INFANTRY;TXT_KEY_UNIT_MECHANIZED_INFANTRY;TXT_KEY_CIVILOPEDIA_UNITS_MODERN_MECHANIZEDINFANTRY_TEXT;TXT_KEY_UNIT_MECHANIZED_INFANTRY_STRATEGY;TXT_KEY_UNIT_HELP_MECHANIZED_INFANTRY;;90;0;375;750;1;0;0;3;0;0;2;UNITCLASS_MECHANIZED_INFANTRY;;;UNITCOMBAT_GUN;DOMAIN_LAND;;UNITAI_DEFENSE;0;0;0;1;1;1;;0;0;0;0;0;0;0;1;0;0;0;0;TECH_MOBILE_TACTICS;;;0;50;-1;0;0;-1;0;0;0;0;0;0;0;0;0;0;0;0;0;0;0;0;0;100;0;0;0;0;;0;3;3;;;7;0;0;0;ART_DEF_UNIT_MECHANIZED_INFANTRY;0;0;;;;0;0;1;WHEELED;73;26;UNIT_ATLAS_2;UNIT_FLAG_ATLAS
33;UNIT_ATOMIC_BOMB;TXT_KEY_UNIT_ATOMIC_BOMB;TXT_KEY_CIV5_INDUSTRIAL_ATOMICBOMB_TEXT;TXT_KEY_UNIT_ATOMIC_BOMB_STRATEGY;TXT_KEY_UNIT_HELP_ATOMIC_BOMB;;0;0;600;0;0;0;0;2;1;10;2;UNITCLASS_ATOMIC_BOMB;SPECIALUNIT_FIGHTER;;;DOMAIN_AIR;;UNITAI_ICBM;0;0;0;1;1;0;;0;0;0;0;0;0;0;1;0;1;1;0;TECH_NUCLEAR_FISSION;;;0;60;-1;0;1;1;0;0;0;0;0;0;0;0;0;0;0;0;0;0;0;0;0;0;0;0;0;0;;100;0;2;;;0;0;0;0;ART_DEF_UNIT_ATOMIC_BOMB;0;0;PROJECT_MANHATTAN_PROJECT;;;0;0;1;AIR_REBASE;71;24;UNIT_ATLAS_2;UNIT_FLAG_ATLAS
34;UNIT_BOMBER;TXT_KEY_UNIT_BOMBER;TXT_KEY_CIV5_INDUSTRIAL_BOMBER_TEXT;TXT_KEY_UNIT_BOMBER_STRATEGY;TXT_KEY_UNIT_HELP_BOMBER;;0;65;375;0;0;0;0;2;1;10;2;UNITCLASS_BOMBER;SPECIALUNIT_FIGHTER;;UNITCOMBAT_BOMBER;DOMAIN_AIR;;UNITAI_ATTACK_AIR;0;0;0;1;1;0;;0;0;0;0;0;0;0;1;0;1;0;0;TECH_RADAR;;;0;50;-1;0;1;-1;0;0;0;0;0;0;0;0;0;0;0;0;0;0;0;0;0;0;0;0;0;0;;100;3;2;;;0;0;0;0;ART_DEF_UNIT_BOMBER;0;0;;;;0;0;1;AIR_REBASE;64;18;UNIT_ATLAS_2;UNIT_FLAG_ATLAS
35;UNIT_AMERICAN_B17;TXT_KEY_CIV5_INDUSTRIAL_B17_HEADING;TXT_KEY_CIV5_INDUSTRIAL_B17_TEXT;TXT_KEY_UNIT_AMERICAN_B17_STRATEGY;TXT_KEY_UNIT_HELP_B17;;0;70;375;0;0;0;0;2;1;10;2;UNITCLASS_BOMBER;SPECIALUNIT_FIGHTER;;UNITCOMBAT_BOMBER;DOMAIN_AIR;;UNITAI_ATTACK_AIR;0;0;0;1;1;0;;0;0;0;0;0;0;0;1;0;1;0;0;TECH_RADAR;;;0;50;-1;0;1;-1;0;0;0;0;0;0;0;0;0;0;0;0;0;0;0;0;0;0;0;0;0;0;;100;3;2;;;0;0;0;0;ART_DEF_UNIT_U_AMERICAN_B17;0;0;;;;0;0;1;AIR_REBASE;65;42;UNIT_ATLAS_2;UNIT_FLAG_ATLAS
36;UNIT_FIGHTER;TXT_KEY_UNIT_FIGHTER;TXT_KEY_CIV5_INDUSTRIAL_FIGHTER_TEXT;TXT_KEY_UNIT_FIGHTER_STRATEGY;TXT_KEY_UNIT_HELP_FIGHTER;;0;45;375;0;0;0;0;2;1;8;2;UNITCLASS_FIGHTER;SPECIALUNIT_FIGHTER;;UNITCOMBAT_FIGHTER;DOMAIN_AIR;;UNITAI_DEFENSE_AIR;0;0;0;1;1;0;;0;0;0;0;0;0;0;1;0;1;0;0;TECH_RADAR;;;0;50;-1;8;1;-1;0;0;0;0;0;0;0;0;0;0;0;0;0;0;0;0;0;0;0;0;0;0;;100;3;2;;;0;0;0;0;ART_DEF_UNIT_FIGHTER;0;0;;;;0;0;1;AIR_REBASE;62;17;UNIT_ATLAS_2;UNIT_FLAG_ATLAS
37;UNIT_JAPANESE_ZERO;TXT_KEY_UNIT_JAPANESE_ZERO;TXT_KEY_CIV5_INDUSTRIAL_ZERO_TEXT;TXT_KEY_UNIT_JAPANESE_ZERO_STRATEGY;TXT_KEY_UNIT_HELP_ZERO;;0;45;375;0;0;0;0;2;1;8;2;UNITCLASS_FIGHTER;SPECIALUNIT_FIGHTER;;UNITCOMBAT_FIGHTER;DOMAIN_AIR;;UNITAI_DEFENSE_AIR;0;0;0;1;1;0;;0;0;0;0;0;0;0;1;0;1;0;0;TECH_RADAR;;;0;50;-1;8;1;-1;0;0;0;0;0;0;0;0;0;0;0;0;0;0;0;0;0;0;0;0;0;0;;100;3;2;;;0;0;0;0;ART_DEF_UNIT_U_JAPANESE_ZERO;0;0;;;;0;0;1;AIR_REBASE;63;40;UNIT_ATLAS_2;UNIT_FLAG_ATLAS
38;UNIT_PARATROOPER;TXT_KEY_UNIT_PARATROOPER;TXT_KEY_CIV5_INDUSTRIAL_PARATROOPER_TEXT;TXT_KEY_UNIT_PARATROOPER_STRATEGY;TXT_KEY_UNIT_HELP_PARATROOPER;;65;0;375;750;1;0;0;2;0;0;2;UNITCLASS_PARATROOPER;;;UNITCOMBAT_GUN;DOMAIN_LAND;;UNITAI_PARADROP;0;0;0;1;1;1;;0;0;0;0;0;0;0;1;0;0;0;0;TECH_RADAR;;;0;40;-1;0;0;-1;0;0;0;0;0;0;0;0;0;0;0;0;0;0;0;0;0;100;0;0;0;0;;0;3;3;;;1;0;0;0;ART_DEF_UNIT_PARATROOPER;0;0;;;;0;0;1;BIPED;59;14;UNIT_ATLAS_2;UNIT_FLAG_ATLAS
39;UNIT_TANK;TXT_KEY_UNIT_TANK;TXT_KEY_CIV5_INDUSTRIAL_TANK_TEXT;TXT_KEY_UNIT_TANK_STRATEGY;TXT_KEY_UNIT_HELP_TANK;;70;0;375;750;1;0;0;5;0;0;2;UNITCLASS_TANK;;;UNITCOMBAT_ARMOR;DOMAIN_LAND;;UNITAI_FAST_ATTACK;0;0;0;1;1;1;;0;0;0;0;0;0;0;1;0;1;0;0;TECH_COMBINED_ARMS;;UNITCLASS_MODERN_ARMOR;0;50;-1;0;0;-1;0;0;0;0;0;0;0;0;0;0;0;0;0;0;0;0;0;100;0;0;0;0;;0;3;3;;;0;0;0;0;ART_DEF_UNIT_TANK;0;0;;;;0;0;1;WHEELED;57;13;UNIT_ATLAS_2;UNIT_FLAG_ATLAS
40;UNIT_GERMAN_PANZER;TXT_KEY_UNIT_GERMAN_PANZER;TXT_KEY_CIV5_INDUSTRIAL_PANZER_TEXT;TXT_KEY_UNIT_GERMAN_PANZER_STRATEGY;TXT_KEY_UNIT_HELP_PANZER;;80;0;375;750;1;0;0;6;0;0;2;UNITCLASS_TANK;;;UNITCOMBAT_ARMOR;DOMAIN_LAND;;UNITAI_FAST_ATTACK;0;0;0;1;1;1;;0;0;0;0;0;0;0;1;0;1;0;0;TECH_COMBINED_ARMS;;UNITCLASS_MODERN_ARMOR;0;50;-1;0;0;-1;0;0;0;0;0;0;0;0;0;0;0;0;0;0;0;0;0;100;0;0;0;0;;0;3;3;;;0;0;0;0;ART_DEF_UNIT_U_GERMAN_PANZER;0;0;;;;0;0;1;WHEELED;58;39;UNIT_ATLAS_2;UNIT_FLAG_ATLAS
41;UNIT_ARTILLERY;TXT_KEY_UNIT_ARTILLERY;TXT_KEY_CIV5_INDUSTRIAL_ARTILLERY_TEXT;TXT_KEY_UNIT_ARTILLERY_STRATEGY;TXT_KEY_UNIT_HELP_ARTILLERY;;21;28;250;500;1;0;0;2;0;3;2;UNITCLASS_ARTILLERY;;;UNITCOMBAT_SIEGE;DOMAIN_LAND;;UNITAI_CITY_BOMBARD;0;0;0;1;1;1;;0;0;0;0;0;0;0;1;0;1;0;0;TECH_DYNAMITE;;UNITCLASS_ROCKET_ARTILLERY;0;40;-1;0;0;-1;0;0;0;0;0;0;0;0;0;0;0;0;0;0;0;0;0;100;0;0;0;0;;0;3;3;;;0;0;0;0;ART_DEF_UNIT_ARTILLERY;0;0;;;;0;0;1;ARTILLERY;56;12;UNIT_ATLAS_2;UNIT_FLAG_ATLAS
42;UNIT_ANTI_AIRCRAFT_GUN;TXT_KEY_UNIT_ANTI_AIRCRAFT_GUN;TXT_KEY_CIV5_INDUSTRIAL_ANTIAIRCRAFTGUN_TEXT;TXT_KEY_UNIT_ANTI_AIRCRAFT_STRATEGY;TXT_KEY_UNIT_HELP_ANTI_AIRCRAFT_GUN;;50;0;375;750;1;0;0;2;0;2;2;UNITCLASS_ANTI_AIRCRAFT_GUN;;;UNITCOMBAT_GUN;DOMAIN_LAND;;UNITAI_COUNTER;0;0;0;1;1;1;;0;0;0;0;0;0;0;1;0;0;0;0;TECH_BALLISTICS;TECH_ROCKETRY;UNITCLASS_MOBILE_SAM;0;35;-1;2;0;-1;0;0;0;0;0;0;0;0;0;0;0;0;0;0;0;0;0;100;0;0;0;0;;0;3;3;;;5;0;0;0;ART_DEF_UNIT_ANTI_AIRCRAFT_GUN;0;0;;;;0;0;1;WHEELED;61;16;UNIT_ATLAS_2;UNIT_FLAG_ATLAS
43;UNIT_ANTI_TANK_GUN;TXT_KEY_UNIT_AT_GUN;TXT_KEY_CIV5_INDUSTRIAL_ANTITANKGUN_TEXT;TXT_KEY_UNIT_AT_GUN_STRATEGY;TXT_KEY_UNIT_HELP_ANTI_TANK_GUN;;50;0;300;600;1;0;0;2;0;0;2;UNITCLASS_ANTI_TANK_GUN;;;UNITCOMBAT_GUN;DOMAIN_LAND;;UNITAI_COUNTER;0;0;0;1;1;1;;0;0;0;0;0;0;0;1;0;0;0;0;TECH_COMBINED_ARMS;;UNITCLASS_HELICOPTER_GUNSHIP;0;35;-1;0;0;-1;0;0;0;0;0;0;0;0;0;0;0;0;0;0;0;0;0;100;0;0;0;0;;0;3;3;;;1;0;0;0;ART_DEF_UNIT_ANTI_TANK_GUN;0;0;;;;0;0;1;WHEELED;60;15;UNIT_ATLAS_2;UNIT_FLAG_ATLAS
44;UNIT_INFANTRY;TXT_KEY_UNIT_INFANTRY;TXT_KEY_CIV5_INDUSTRIAL_INFANTRY_TEXT;TXT_KEY_UNIT_INFANTRY_STRATEGY;TXT_KEY_UNIT_HELP_INFANTRY;;70;0;375;750;1;0;0;2;0;0;2;UNITCLASS_INFANTRY;;;UNITCOMBAT_GUN;DOMAIN_LAND;;UNITAI_DEFENSE;0;0;0;1;1;1;;0;0;0;0;0;0;0;1;0;0;0;0;TECH_PLASTIC;TECH_MOBILE_TACTICS;UNITCLASS_MECHANIZED_INFANTRY;0;35;-1;0;0;-1;0;0;0;0;0;0;0;0;0;0;0;0;0;0;0;0;0;100;0;0;0;0;;0;3;3;;;6;0;0;0;ART_DEF_UNIT_WW2_INFANTRY;0;0;;;;0;0;1;BIPED;54;11;UNIT_ATLAS_2;UNIT_FLAG_ATLAS
45;UNIT_FRENCH_FOREIGNLEGION;TXT_KEY_UNIT_FRENCH_FOREIGNLEGION;TXT_KEY_CIV5_INDUSTRIAL_FOREIGNLEGION_TEXT;TXT_KEY_UNIT_FRENCH_FOREIGNLEGION_STRATEGY;TXT_KEY_UNIT_HELP_FOREIGN_LEGION;;42;0;320;640;1;0;0;2;0;0;2;UNITCLASS_GREAT_WAR_INFANTRY;;;UNITCOMBAT_GUN;DOMAIN_LAND;;UNITAI_DEFENSE;0;0;0;1;1;1;;0;0;0;0;0;0;0;1;0;0;0;0;TECH_REPLACEABLE_PARTS;TECH_PLASTIC;UNITCLASS_INFANTRY;0;35;-1;0;0;-1;0;0;0;0;0;0;0;0;0;0;0;0;0;0;0;0;0;100;0;0;0;0;;0;3;3;;;6;0;0;0;ART_DEF_UNIT_U_FRENCH_FOREIGNLEGION;0;0;;;;0;0;1;BIPED;55;38;UNIT_ATLAS_2;UNIT_FLAG_ATLAS
46;UNIT_CAVALRY;TXT_KEY_UNIT_CAVALRY;TXT_KEY_CIVILOPEDIA_UNITS_RENAISSANCE_CAVALRY_TEXT;TXT_KEY_UNIT_CAVALRY_STRATEGY;TXT_KEY_UNIT_HELP_CAVALRY;;34;0;225;450;1;0;0;4;0;0;2;UNITCLASS_CAVALRY;;;UNITCOMBAT_MOUNTED;DOMAIN_LAND;;UNITAI_FAST_ATTACK;0;0;0;1;1;1;;0;0;0;0;0;0;0;1;0;0;0;0;TECH_MILITARY_SCIENCE;TECH_COMBUSTION;UNITCLASS_WWI_TANK;0;30;-1;0;0;-1;0;0;0;0;0;0;0;0;0;0;0;0;0;0;0;0;0;100;0;0;0;0;;0;3;3;;;0;0;0;0;ART_DEF_UNIT_CAVALRY;0;0;;;;0;0;1;QUADRUPED;48;5;UNIT_ATLAS_2;UNIT_FLAG_ATLAS
47;UNIT_RUSSIAN_COSSACK;TXT_KEY_UNIT_RUSSIAN_COSSACK;TXT_KEY_CIVILOPEDIA_UNITS_RENAISSANCE_COSSACK_TEXT;TXT_KEY_UNIT_RUSSIAN_COSSACK_STRATEGY;TXT_KEY_UNIT_HELP_COSSACK;;34;0;225;450;1;0;0;4;0;0;2;UNITCLASS_CAVALRY;;;UNITCOMBAT_MOUNTED;DOMAIN_LAND;;UNITAI_FAST_ATTACK;0;0;0;1;1;1;;0;0;0;0;0;0;0;1;0;0;0;0;TECH_MILITARY_SCIENCE;TECH_COMBUSTION;UNITCLASS_WWI_TANK;0;30;-1;0;0;-1;0;0;0;0;0;0;0;0;0;0;0;0;0;0;0;0;0;100;0;0;0;0;;0;3;3;;;0;0;0;0;ART_DEF_UNIT_U_RUSSIAN_COSSACK;0;0;;;;0;0;1;QUADRUPED;49;6;UNIT_ATLAS_2;UNIT_FLAG_ATLAS
48;UNIT_RIFLEMAN;TXT_KEY_UNIT_RIFLEMAN;TXT_KEY_CIVILOPEDIA_UNITS_RENAISSANCE_RIFLEMEN_TEXT;TXT_KEY_UNIT_RIFLEMAN_STRATEGY;TXT_KEY_UNIT_HELP_RIFLEMAN;;34;0;225;450;1;0;0;2;0;0;2;UNITCLASS_RIFLEMAN;;;UNITCOMBAT_GUN;DOMAIN_LAND;;UNITAI_DEFENSE;0;0;0;1;1;1;;0;0;0;0;0;0;0;1;0;0;0;0;TECH_RIFLING;TECH_REPLACEABLE_PARTS;UNITCLASS_GREAT_WAR_INFANTRY;0;30;-1;0;0;-1;0;0;0;0;0;0;0;0;0;0;0;0;0;0;0;0;0;100;0;0;0;0;;0;3;3;;;5;0;0;0;ART_DEF_UNIT_RIFLEMAN;0;0;;;;0;0;1;BIPED;47;4;UNIT_ATLAS_2;UNIT_FLAG_ATLAS
49;UNIT_LANCER;TXT_KEY_UNIT_LANCER;TXT_KEY_CIVILOPEDIA_UNITS_RENAISSANCE_LANCER_TEXT;TXT_KEY_UNIT_LANCER_STRATEGY;TXT_KEY_UNIT_HELP_LANCER;;25;0;185;370;1;0;0;4;0;0;2;UNITCLASS_LANCER;;;UNITCOMBAT_MOUNTED;DOMAIN_LAND;;UNITAI_FAST_ATTACK;0;0;0;1;1;1;;0;0;0;0;0;0;0;1;0;0;0;0;TECH_METALLURGY;TECH_COMBINED_ARMS;UNITCLASS_ANTI_TANK_GUN;0;30;-1;0;0;-1;0;0;0;0;0;0;0;0;0;0;0;0;0;0;0;0;0;100;0;0;0;0;;0;3;3;;;0;0;0;0;ART_DEF_UNIT_LANCER;0;0;;;;0;0;1;QUADRUPED;44;1;UNIT_ATLAS_2;UNIT_FLAG_ATLAS
50;UNIT_OTTOMAN_SIPAHI;TXT_KEY_UNIT_OTTOMAN_SIPAHI;TXT_KEY_CIVILOPEDIA_UNITS_RENAISSANCE_SIPAHI_TEXT;TXT_KEY_UNIT_OTTOMAN_SIPAHI_STRATEGY;TXT_KEY_UNIT_HELP_SIPAHI;;25;0;185;370;1;0;0;5;0;0;2;UNITCLASS_LANCER;;;UNITCOMBAT_MOUNTED;DOMAIN_LAND;;UNITAI_FAST_ATTACK;0;0;0;1;1;1;;0;0;0;0;0;0;0;1;0;0;0;0;TECH_METALLURGY;TECH_COMBINED_ARMS;UNITCLASS_ANTI_TANK_GUN;0;30;-1;0;0;-1;0;0;0;0;0;0;0;0;0;0;0;0;0;0;0;0;0;100;0;0;0;0;;0;3;3;;;0;0;0;0;ART_DEF_UNIT_U_OTTOMAN_SIPAHI;0;0;;;;0;0;1;QUADRUPED;46;3;UNIT_ATLAS_2;UNIT_FLAG_ATLAS
51;UNIT_CANNON;TXT_KEY_UNIT_CANNON;TXT_KEY_CIVILOPEDIA_UNITS_RENAISSANCE_CANNON_TEXT;TXT_KEY_UNIT_CANNON_STRATEGY;TXT_KEY_UNIT_HELP_CANNON;;14;20;185;370;1;0;0;2;0;2;2;UNITCLASS_CANNON;;;UNITCOMBAT_SIEGE;DOMAIN_LAND;;UNITAI_CITY_BOMBARD;0;0;0;1;1;1;;0;0;0;0;0;0;0;1;0;0;0;0;TECH_CHEMISTRY;TECH_DYNAMITE;UNITCLASS_ARTILLERY;0;30;-1;0;0;-1;0;0;0;0;0;0;0;0;0;0;0;0;0;0;0;0;0;100;0;0;0;0;;0;3;3;;;0;0;0;0;ART_DEF_UNIT_CANNON;0;0;;;;0;0;1;ARTILLERY;43;0;UNIT_ATLAS_2;UNIT_FLAG_ATLAS
52;UNIT_MUSKETMAN;TXT_KEY_UNIT_MUSKETMAN;TXT_KEY_CIVILOPEDIA_UNITS_MEDIEVAL_MUSKETMAN_TEXT;TXT_KEY_UNIT_MUSKETMAN_STRATEGY;TXT_KEY_UNIT_HELP_MUSKETMAN;;24;0;150;300;1;0;0;2;0;0;2;UNITCLASS_MUSKETMAN;;;UNITCOMBAT_GUN;DOMAIN_LAND;;UNITAI_ATTACK;0;0;0;1;1;1;;0;0;0;0;0;0;0;1;0;0;0;0;TECH_GUNPOWDER;TECH_RIFLING;UNITCLASS_RIFLEMAN;0;25;-1;0;0;-1;0;0;0;0;0;0;0;0;0;0;0;0;0;0;0;0;0;100;0;0;0;0;;0;3;3;;;4;0;0;0;ART_DEF_UNIT_MUSKETMAN;0;0;;;;0;0;1;BIPED;37;38;UNIT_ATLAS_1;UNIT_FLAG_ATLAS
53;UNIT_AMERICAN_MINUTEMAN;TXT_KEY_UNIT_AMERICAN_MINUTEMAN;TXT_KEY_CIVILOPEDIA_UNITS_MEDIEVAL_MINUTEMAN_TEXT;TXT_KEY_UNIT_AMERICAN_MINUTEMAN_STRATEGY;TXT_KEY_UNIT_HELP_MINUTEMAN;;24;0;150;300;1;0;0;2;0;0;2;UNITCLASS_MUSKETMAN;;;UNITCOMBAT_GUN;DOMAIN_LAND;;UNITAI_ATTACK;0;0;0;1;1;1;;0;0;0;0;0;0;0;1;0;0;0;0;TECH_GUNPOWDER;TECH_RIFLING;UNITCLASS_RIFLEMAN;0;25;-1;0;0;-1;0;0;0;0;0;0;0;0;0;0;0;0;0;0;0;0;0;100;0;0;0;0;;0;3;3;;;4;0;0;0;ART_DEF_UNIT_U_AMERICAN_MINUTEMAN;0;0;;;;0;0;1;BIPED;38;39;UNIT_ATLAS_1;UNIT_FLAG_ATLAS
54;UNIT_FRENCH_MUSKETEER;TXT_KEY_UNIT_FRENCH_MUSKETEER;TXT_KEY_CIVILOPEDIA_UNITS_MEDIEVAL_MUSKETEER_TEXT;TXT_KEY_UNIT_FRENCH_MUSKETEER_STRATEGY;TXT_KEY_UNIT_HELP_MUSKETEER;;28;0;150;300;1;0;0;2;0;0;2;UNITCLASS_MUSKETMAN;;;UNITCOMBAT_GUN;DOMAIN_LAND;;UNITAI_ATTACK;0;0;0;1;1;1;;0;0;0;0;0;0;0;1;0;0;0;0;TECH_GUNPOWDER;TECH_RIFLING;UNITCLASS_RIFLEMAN;0;25;-1;0;0;-1;0;0;0;0;0;0;0;0;0;0;0;0;0;0;0;0;0;100;0;0;0;0;;0;3;3;;;4;0;0;0;ART_DEF_UNIT_U_FRENCH_MUSKETEER;0;0;;;;0;0;1;BIPED;39;40;UNIT_ATLAS_1;UNIT_FLAG_ATLAS
55;UNIT_OTTOMAN_JANISSARY;TXT_KEY_UNIT_OTTOMAN_JANISSARY;TXT_KEY_CIVILOPEDIA_UNITS_MEDIEVAL_JANISSARY_TEXT;TXT_KEY_UNIT_OTTOMAN_JANISSARY_STRATEGY;TXT_KEY_UNIT_HELP_JANISSARY;;24;0;150;300;1;0;0;2;0;0;2;UNITCLASS_MUSKETMAN;;;UNITCOMBAT_GUN;DOMAIN_LAND;;UNITAI_ATTACK;0;0;0;1;1;1;;0;0;0;0;0;0;0;1;0;0;0;0;TECH_GUNPOWDER;TECH_RIFLING;UNITCLASS_RIFLEMAN;0;25;-1;0;0;-1;0;0;0;0;0;0;0;0;0;0;0;0;0;0;0;0;0;100;0;0;0;0;;0;3;3;;;4;0;0;0;ART_DEF_UNIT_U_OTTOMAN_JANISSARY;0;0;;;;0;0;1;BIPED;40;41;UNIT_ATLAS_1;UNIT_FLAG_ATLAS
56;UNIT_LONGSWORDSMAN;TXT_KEY_UNIT_LONGSWORDSMAN;TXT_KEY_CIVILOPEDIA_UNITS_MEDIEVAL_LONGSWORDSMAN_TEXT;TXT_KEY_UNIT_LONGSWORDSMAN_STRATEGY;TXT_KEY_UNIT_HELP_LONGSWORDSMAN;;21;0;120;240;1;0;0;2;0;0;2;UNITCLASS_LONGSWORDSMAN;;;UNITCOMBAT_MELEE;DOMAIN_LAND;;UNITAI_ATTACK;0;0;0;1;1;1;;0;0;0;0;0;0;0;0;0;0;0;0;TECH_STEEL;TECH_GUNPOWDER;UNITCLASS_MUSKETMAN;0;25;-1;0;0;-1;0;0;0;0;0;0;0;0;0;0;0;0;0;0;0;0;0;100;0;0;0;0;;0;3;3;;;3;0;0;0;ART_DEF_UNIT_LONGSWORDSMAN;0;0;;;;0;0;1;BIPED;35;36;UNIT_ATLAS_1;UNIT_FLAG_ATLAS
57;UNIT_JAPANESE_SAMURAI;TXT_KEY_UNIT_JAPANESE_SAMURAI;TXT_KEY_CIVILOPEDIA_UNITS_MEDIEVAL_SAMURAI_TEXT;TXT_KEY_UNIT_JAPANESE_SAMURAI_STRATEGY;TXT_KEY_UNIT_HELP_SAMURAI;;21;0;120;240;1;0;0;2;0;0;2;UNITCLASS_LONGSWORDSMAN;;;UNITCOMBAT_MELEE;DOMAIN_LAND;;UNITAI_ATTACK;0;0;0;1;1;1;;0;0;0;0;0;0;0;0;0;0;0;0;TECH_STEEL;TECH_RIFLING;UNITCLASS_MUSKETMAN;0;25;-1;0;0;-1;100;0;0;0;0;0;0;0;0;0;0;0;0;0;0;0;0;100;0;0;0;0;;0;3;3;;;3;0;0;0;ART_DEF_UNIT_U_JAPANESE_SAMURAI;0;0;;;;0;0;1;BIPED;36;37;UNIT_ATLAS_1;UNIT_FLAG_ATLAS
58;UNIT_TREBUCHET;TXT_KEY_UNIT_TREBUCHET;TXT_KEY_CIVILOPEDIA_UNITS_MEDIEVAL_TREBUCHET_TEXT;TXT_KEY_UNIT_TREBUCHET_STRATEGY;TXT_KEY_UNIT_HELP_TREBUCHET;;12;14;120;240;1;0;0;2;0;2;2;UNITCLASS_TREBUCHET;;;UNITCOMBAT_SIEGE;DOMAIN_LAND;;UNITAI_CITY_BOMBARD;0;0;0;1;1;1;;0;0;0;0;0;0;0;0;0;1;0;0;TECH_PHYSICS;TECH_CHEMISTRY;UNITCLASS_CANNON;0;25;-1;0;0;-1;0;0;0;0;0;0;0;0;0;0;0;0;0;0;0;0;0;100;0;0;0;0;;0;3;3;;;0;0;0;0;ART_DEF_UNIT_TREBUCHET;0;0;;;;0;0;1;ARTILLERY;41;42;UNIT_ATLAS_1;UNIT_FLAG_ATLAS
59;UNIT_KNIGHT;TXT_KEY_UNIT_KNIGHT;TXT_KEY_CIVILOPEDIA_UNITS_MEDIEVAL_KNIGHT_TEXT;TXT_KEY_UNIT_KNIGHT_STRATEGY;TXT_KEY_UNIT_HELP_KNIGHT;;20;0;120;240;1;0;0;4;0;0;2;UNITCLASS_KNIGHT;;;UNITCOMBAT_MOUNTED;DOMAIN_LAND;;UNITAI_FAST_ATTACK;0;0;0;1;1;1;;0;0;0;0;0;0;0;0;0;0;0;0;TECH_CHIVALRY;TECH_MILITARY_SCIENCE;UNITCLASS_CAVALRY;0;25;-1;0;0;-1;0;0;0;0;0;0;0;0;0;0;0;0;0;0;0;0;0;100;0;0;0;0;;0;3;3;;;0;0;0;0;ART_DEF_UNIT_KNIGHT;0;0;;;;0;0;1;QUADRUPED;25;26;UNIT_ATLAS_1;UNIT_FLAG_ATLAS
60;UNIT_ARABIAN_CAMELARCHER;TXT_KEY_UNIT_ARABIAN_CAMELARCHER;TXT_KEY_CIVILOPEDIA_UNITS_MEDIEVAL_CAMELARCHER_TEXT;TXT_KEY_UNIT_ARABIAN_CAMELARCHER_STRATEGY;TXT_KEY_UNIT_HELP_CAMEL_ARCHER;;17;21;120;240;1;0;0;4;0;2;2;UNITCLASS_KNIGHT;;;UNITCOMBAT_ARCHER;DOMAIN_LAND;;UNITAI_RANGED;0;0;0;1;1;1;;0;0;0;0;0;0;0;0;0;0;0;0;TECH_CHIVALRY;TECH_MILITARY_SCIENCE;UNITCLASS_CAVALRY;0;25;-1;0;0;-1;0;0;0;0;0;0;0;0;0;0;0;0;0;0;0;0;0;100;0;0;0;0;;0;3;3;;;0;0;0;0;ART_DEF_UNIT_U_ARABIAN_CAMELARCHER;0;0;;;;0;0;1;QUADRUPED;27;28;UNIT_ATLAS_1;UNIT_FLAG_ATLAS
61;UNIT_SIAMESE_WARELEPHANT;TXT_KEY_UNIT_SIAMESE_WARELEPHANT;TXT_KEY_CIVILOPEDIA_UNITS_MEDIEVAL_SIAMESEWARELEPHANT_TEXT;TXT_KEY_UNIT_SIAMESE_WARELEPHANT_STRATEGY;TXT_KEY_UNIT_HELP_SIAMESE_WARELEPHANT;;25;0;120;240;1;0;0;3;0;0;2;UNITCLASS_KNIGHT;;;UNITCOMBAT_MOUNTED;DOMAIN_LAND;;UNITAI_FAST_ATTACK;0;0;0;1;1;1;;0;0;0;0;0;0;0;0;0;0;0;0;TECH_CHIVALRY;TECH_MILITARY_SCIENCE;UNITCLASS_CAVALRY;0;25;-1;0;0;-1;0;0;0;0;0;0;0;0;0;0;0;0;0;0;0;0;0;100;0;0;0;0;;0;3;3;;;0;0;0;0;ART_DEF_UNIT_U_SIAMESE_WARELEPHANT;0;0;;;;0;0;1;PHANT;28;29;UNIT_ATLAS_1;UNIT_FLAG_ATLAS
62;UNIT_SONGHAI_MUSLIMCAVALRY;TXT_KEY_UNIT_SONGHAI_MUSLIMCAVALRY;TXT_KEY_CIVILOPEDIA_UNITS_MEDIEVAL_MUSLIMCAVALRY_TEXT;TXT_KEY_UNIT_SONGHAI_MUSLIMCAVALRY_STRATEGY;TXT_KEY_UNIT_HELP_MUSLIM_CAVALRY;;20;0;110;220;1;0;0;4;0;0;2;UNITCLASS_KNIGHT;;;UNITCOMBAT_MOUNTED;DOMAIN_LAND;;UNITAI_ATTACK;0;0;0;1;1;1;;0;0;0;0;0;0;0;0;0;0;0;0;TECH_CHIVALRY;TECH_MILITARY_SCIENCE;UNITCLASS_CAVALRY;0;25;-1;0;0;-1;0;0;0;0;0;0;0;0;0;0;0;0;0;0;0;0;0;100;0;0;0;0;;0;3;3;;;0;0;0;0;ART_DEF_UNIT_U_SONGHAI_MUSLIMCAVALRY;0;0;;;;0;0;1;QUADRUPED;26;27;UNIT_ATLAS_1;UNIT_FLAG_ATLAS
63;UNIT_CROSSBOWMAN;TXT_KEY_UNIT_CROSSBOWMAN;TXT_KEY_CIVILOPEDIA_UNITS_MEDIEVAL_CROSSBOWMAN_TEXT;TXT_KEY_UNIT_CROSSBOWMAN_STRATEGY;TXT_KEY_UNIT_HELP_CROSSBOWMAN;;13;18;120;240;1;0;0;2;0;2;2;UNITCLASS_CROSSBOWMAN;;;UNITCOMBAT_ARCHER;DOMAIN_LAND;;UNITAI_RANGED;0;0;0;1;1;1;;0;0;0;0;0;0;0;0;0;0;0;0;TECH_MACHINERY;TECH_INDUSTRIALIZATION;UNITCLASS_GATLINGGUN;0;20;-1;0;0;-1;0;0;0;0;0;0;0;0;0;0;0;0;0;0;0;0;0;100;0;0;0;0;;0;3;3;;;0;0;0;0;ART_DEF_UNIT_CROSSBOWMAN;0;0;;;;0;0;1;BIPED;29;30;UNIT_ATLAS_1;UNIT_FLAG_ATLAS
64;UNIT_CHINESE_CHUKONU;TXT_KEY_UNIT_CHINESE_CHUKONU;TXT_KEY_CIVILOPEDIA_UNITS_MEDIEVAL_CHUKONU_TEXT;TXT_KEY_UNIT_CHINESE_CHUKONU_STRATEGY;TXT_KEY_UNIT_HELP_CHUKONU;;13;14;120;240;1;0;0;2;0;2;2;UNITCLASS_CROSSBOWMAN;;;UNITCOMBAT_ARCHER;DOMAIN_LAND;;UNITAI_RANGED;0;0;0;1;1;1;;0;0;0;0;0;0;0;0;0;0;0;0;TECH_MACHINERY;TECH_INDUSTRIALIZATION;UNITCLASS_GATLINGGUN;0;20;-1;0;0;-1;0;0;0;0;0;0;0;0;0;0;0;0;0;0;0;0;0;100;0;0;0;0;;0;3;3;;;0;0;0;0;ART_DEF_UNIT_U_CHINESE_CHUKONU;0;0;;;;0;0;1;BIPED;31;32;UNIT_ATLAS_1;UNIT_FLAG_ATLAS
65;UNIT_ENGLISH_LONGBOWMAN;TXT_KEY_UNIT_ENGLISH_LONGBOWMAN;TXT_KEY_CIVILOPEDIA_UNITS_MEDIEVAL_LONGBOWMAN_TEXT;TXT_KEY_UNIT_ENGLISH_LONGBOWMAN_STRATEGY;TXT_KEY_UNIT_HELP_LONGBOWMAN;;13;18;120;240;1;0;0;2;0;2;2;UNITCLASS_CROSSBOWMAN;;;UNITCOMBAT_ARCHER;DOMAIN_LAND;;UNITAI_RANGED;0;0;0;1;1;1;;0;0;0;0;0;0;0;0;0;0;0;0;TECH_MACHINERY;TECH_INDUSTRIALIZATION;UNITCLASS_GATLINGGUN;0;20;-1;0;0;-1;0;0;0;0;0;0;0;0;0;0;0;0;0;0;0;0;0;100;0;0;0;0;;0;3;3;;;0;0;0;0;ART_DEF_UNIT_U_ENGLISH_LONGBOWMAN;0;0;;;;0;0;1;BIPED;30;31;UNIT_ATLAS_1;UNIT_FLAG_ATLAS
66;UNIT_PIKEMAN;TXT_KEY_UNIT_PIKEMAN;TXT_KEY_CIVILOPEDIA_UNITS_MEDIEVAL_PIKEMAN_TEXT;TXT_KEY_UNIT_PIKEMAN_STRATEGY;TXT_KEY_UNIT_HELP_PIKEMAN;;16;0;90;180;1;0;0;2;0;0;2;UNITCLASS_PIKEMAN;;;UNITCOMBAT_MELEE;DOMAIN_LAND;;UNITAI_COUNTER;0;0;0;1;1;1;;0;0;0;0;0;0;0;0;0;0;0;0;TECH_CIVIL_SERVICE;TECH_METALLURGY;UNITCLASS_LANCER;0;20;-1;0;0;-1;0;0;0;0;0;0;0;0;0;0;0;0;0;0;0;0;0;100;0;0;0;0;;0;3;3;;;3;0;0;0;ART_DEF_UNIT_PIKEMAN;0;0;;;;0;0;1;BIPED;32;33;UNIT_ATLAS_1;UNIT_FLAG_ATLAS
67;UNIT_GERMAN_LANDSKNECHT;TXT_KEY_UNIT_GERMAN_LANDSKNECHT;TXT_KEY_CIVILOPEDIA_UNITS_MEDIEVAL_LANDSKNECHT_TEXT;TXT_KEY_UNIT_GERMAN_LANDSKNECHT_STRATEGY;TXT_KEY_UNIT_HELP_LANDSKNECHT;;16;0;45;0;0;1;1;2;0;0;2;UNITCLASS_LANDSKNECHT;;;UNITCOMBAT_MELEE;DOMAIN_LAND;;UNITAI_COUNTER;0;0;0;1;1;1;;0;0;0;0;0;0;0;0;0;0;0;0;TECH_CIVIL_SERVICE;;UNITCLASS_LANCER;0;20;-1;0;0;-1;0;0;0;0;0;0;0;0;0;0;0;0;0;0;0;0;0;100;0;0;0;0;POLICY_TRADE_UNIONS;0;3;3;;;3;0;0;0;ART_DEF_UNIT_U_GERMAN_LANDSKNECHT;0;0;;;;0;0;1;BIPED;33;34;UNIT_ATLAS_1;UNIT_FLAG_ATLAS
68;UNIT_CATAPULT;TXT_KEY_UNIT_CATAPULT;TXT_KEY_CIV5_ANTIQUITY_CATAPULT_TEXT;TXT_KEY_UNIT_CATAPULT_STRATEGY;TXT_KEY_UNIT_HELP_CATAPULT;;7;8;75;150;1;0;0;2;0;2;2;UNITCLASS_CATAPULT;;;UNITCOMBAT_SIEGE;DOMAIN_LAND;;UNITAI_CITY_BOMBARD;0;0;0;1;1;1;;0;0;0;0;0;0;0;0;0;1;0;0;TECH_MATHEMATICS;TECH_PHYSICS;UNITCLASS_TREBUCHET;20;20;-1;0;0;-1;0;0;0;0;0;0;0;0;0;0;0;0;0;0;0;0;0;100;0;0;0;0;;0;3;3;;;0;0;0;0;ART_DEF_UNIT_CATAPULT;0;0;;;;0;0;1;ARTILLERY;21;21;UNIT_ATLAS_1;UNIT_FLAG_ATLAS
69;UNIT_ROMAN_BALLISTA;TXT_KEY_UNIT_ROMAN_BALLISTA;TXT_KEY_CIV5_ANTIQUITY_BALLISTA_TEXT;TXT_KEY_UNIT_ROMAN_BALLISTA_STRATEGY;TXT_KEY_UNIT_HELP_BALLISTA;;8;10;75;150;1;0;0;2;0;2;2;UNITCLASS_CATAPULT;;;UNITCOMBAT_SIEGE;DOMAIN_LAND;;UNITAI_CITY_BOMBARD;0;0;0;1;1;1;;0;0;0;0;0;0;0;0;0;1;0;0;TECH_MATHEMATICS;TECH_PHYSICS;UNITCLASS_TREBUCHET;20;20;-1;0;0;-1;0;0;0;0;0;0;0;0;0;0;0;0;0;0;0;0;0;100;0;0;0;0;;0;3;3;;;0;0;0;0;ART_DEF_UNIT_U_ROMAN_BALLISTA;0;0;;;;0;0;1;ARTILLERY;22;22;UNIT_ATLAS_1;UNIT_FLAG_ATLAS
70;UNIT_HORSEMAN;TXT_KEY_UNIT_HORSEMAN;TXT_KEY_CIV5_ANTIQUITY_HORSEMAN_TEXT;TXT_KEY_UNIT_HORSEMAN_STRATEGY;TXT_KEY_UNIT_HELP_HORSEMAN;;12;0;75;150;1;0;0;4;0;0;2;UNITCLASS_HORSEMAN;;;UNITCOMBAT_MOUNTED;DOMAIN_LAND;;UNITAI_FAST_ATTACK;0;0;0;1;1;1;;0;0;0;0;0;0;0;0;0;0;0;0;TECH_HORSEBACK_RIDING;TECH_CHIVALRY;UNITCLASS_KNIGHT;20;20;-1;0;0;-1;0;0;0;0;0;0;0;0;0;0;0;0;0;0;0;0;0;100;0;0;0;0;;0;3;3;;;0;0;0;0;ART_DEF_UNIT_HORSEMAN;0;0;;;;0;0;1;QUADRUPED;17;17;UNIT_ATLAS_1;UNIT_FLAG_ATLAS
71;UNIT_GREEK_COMPANIONCAVALRY;TXT_KEY_UNIT_GREEK_COMPANIONCAVALRY;TXT_KEY_CIV5_ANTIQUITY_COMPANIONCAVALRY_TEXT;TXT_KEY_UNIT_GREEK_COMPANIONCAVALRY_STRATEGY;TXT_KEY_UNIT_HELP_COMPANION_CAVALRY;;14;0;75;150;1;0;0;5;0;0;2;UNITCLASS_HORSEMAN;;;UNITCOMBAT_MOUNTED;DOMAIN_LAND;;UNITAI_FAST_ATTACK;0;0;0;1;1;1;;0;0;0;0;0;0;0;0;0;0;0;0;TECH_HORSEBACK_RIDING;TECH_CHIVALRY;UNITCLASS_KNIGHT;20;20;-1;0;0;-1;0;0;0;0;0;0;0;0;0;0;0;0;0;0;0;0;0;100;0;0;0;0;;0;3;3;;;0;0;0;0;ART_DEF_UNIT_U_GREEK_COMPANIONCAVALRY;0;0;;;;0;0;1;QUADRUPED;18;18;UNIT_ATLAS_1;UNIT_FLAG_ATLAS
72;UNIT_SWORDSMAN;TXT_KEY_UNIT_SWORDSMAN;TXT_KEY_CIV5_ANTIQUITY_SWORDSMAN_TEXT;TXT_KEY_UNIT_SWORDSMAN_STRATEGY;TXT_KEY_UNIT_HELP_SWORDSMAN;;14;0;75;150;1;0;0;2;0;0;2;UNITCLASS_SWORDSMAN;;;UNITCOMBAT_MELEE;DOMAIN_LAND;;UNITAI_ATTACK;0;0;0;1;1;1;;0;0;0;0;0;0;0;0;0;0;0;0;TECH_IRON_WORKING;TECH_STEEL;UNITCLASS_LONGSWORDSMAN;20;20;-1;0;0;-1;0;0;0;0;0;0;0;0;0;0;0;0;0;0;0;0;0;100;0;0;0;0;;0;3;3;;;1;0;0;0;ART_DEF_UNIT_SWORDSMAN;0;0;;;;0;0;1;HEAVY_BIPED;14;14;UNIT_ATLAS_1;UNIT_FLAG_ATLAS
73;UNIT_IROQUOIAN_MOHAWKWARRIOR;TXT_KEY_UNIT_IROQUOIAN_MOHAWKWARRIOR;TXT_KEY_CIV5_ANTIQUITY_MOHAWKWARRIOR_TEXT;TXT_KEY_UNIT_IROQUOIAN_MOHAWKWARRIOR_STRATEGY;TXT_KEY_UNIT_HELP_MOHAWK_WARRIOR;;14;0;75;150;1;0;0;2;0;0;2;UNITCLASS_SWORDSMAN;;;UNITCOMBAT_MELEE;DOMAIN_LAND;;UNITAI_ATTACK;0;0;0;1;1;1;;0;0;0;0;0;0;0;0;0;0;0;0;TECH_IRON_WORKING;TECH_GUNPOWDER;UNITCLASS_LONGSWORDSMAN;20;20;-1;0;0;-1;0;0;0;0;0;0;0;0;0;0;0;0;0;0;0;0;0;100;0;0;0;0;;0;3;3;;;1;0;0;0;ART_DEF_UNIT_U_IROQUOIAN_MOHAWKWARRIOR;0;0;;;;0;0;1;BIPED;16;16;UNIT_ATLAS_1;UNIT_FLAG_ATLAS
74;UNIT_ROMAN_LEGION;TXT_KEY_UNIT_ROMAN_LEGION;TXT_KEY_CIV5_ANTIQUITY_LEGION_TEXT;TXT_KEY_UNIT_ROMAN_LEGION_STRATEGY;TXT_KEY_UNIT_HELP_ROMAN_LEGION;;17;0;75;150;1;0;0;2;0;0;2;UNITCLASS_SWORDSMAN;;;UNITCOMBAT_MELEE;DOMAIN_LAND;;UNITAI_ATTACK;0;0;0;1;1;1;;0;0;0;0;0;0;0;0;0;0;0;0;TECH_IRON_WORKING;TECH_GUNPOWDER;UNITCLASS_LONGSWORDSMAN;20;20;-1;0;0;-1;100;0;0;0;0;0;0;0;0;0;0;0;0;0;0;0;0;100;0;0;0;0;;0;3;3;;;1;0;0;0;ART_DEF_UNIT_U_ROMAN_LEGION;0;0;;;;0;0;1;HEAVY_BIPED;15;15;UNIT_ATLAS_1;UNIT_FLAG_ATLAS
75;UNIT_CHARIOT_ARCHER;TXT_KEY_UNIT_CHARIOT_ARCHER;TXT_KEY_CIV5_ANTIQUITY_CHARIOTARCHER_TEXT;TXT_KEY_UNIT_CHARIOT_ARCHER_STRATEGY;TXT_KEY_UNIT_HELP_CHARIOR_ARCHER;;6;10;56;112;1;0;0;4;0;2;2;UNITCLASS_CHARIOT_ARCHER;;;UNITCOMBAT_ARCHER;DOMAIN_LAND;;UNITAI_RANGED;0;0;0;1;1;1;;0;0;0;0;0;0;0;0;0;0;0;0;TECH_THE_WHEEL;TECH_CHIVALRY;UNITCLASS_KNIGHT;0;15;-1;0;0;-1;0;0;0;0;0;0;0;0;0;0;0;0;0;0;0;0;0;100;0;0;0;0;;0;3;3;;;0;0;0;0;ART_DEF_UNIT_CHARIOT_ARCHER;0;0;;;;0;0;1;WHEELED;12;12;UNIT_ATLAS_1;UNIT_FLAG_ATLAS
76;UNIT_EGYPTIAN_WARCHARIOT;TXT_KEY_UNIT_EGYPT_WARCHARIOT;TXT_KEY_CIV5_ANTIQUITY_WARCHARIOT_TEXT;TXT_KEY_UNIT_EGYPTIAN_WARCHARIOT_STRATEGY;TXT_KEY_UNIT_HELP_EGYPTIAN_WAR_CHARIOT;;6;10;56;112;1;0;0;5;0;2;2;UNITCLASS_CHARIOT_ARCHER;;;UNITCOMBAT_ARCHER;DOMAIN_LAND;;UNITAI_RANGED;0;0;0;1;1;1;;0;0;0;0;0;0;0;0;0;0;0;0;TECH_THE_WHEEL;TECH_CHIVALRY;UNITCLASS_KNIGHT;0;15;-1;0;0;-1;0;0;0;0;0;0;0;0;0;0;0;0;0;0;0;0;0;100;0;0;0;0;;0;3;3;;;0;0;0;0;ART_DEF_UNIT_U_EGYPTIAN_WARCHARIOT;0;0;;;;0;0;1;WHEELED;13;13;UNIT_ATLAS_1;UNIT_FLAG_ATLAS
77;UNIT_INDIAN_WARELEPHANT;TXT_KEY_UNIT_INDIAN_WARELEPHANT;TXT_KEY_CIV5_ANTIQUITY_INDIANWARELEPHANT_TEXT;TXT_KEY_UNIT_INDIAN_WARELEPHANT_STRATEGY;TXT_KEY_UNIT_HELP_INDIAN_WAR_ELEPHANT;;9;11;70;140;1;0;0;3;0;2;2;UNITCLASS_CHARIOT_ARCHER;;;UNITCOMBAT_ARCHER;DOMAIN_LAND;;UNITAI_RANGED;0;0;0;1;1;1;;0;0;0;0;0;0;0;0;0;0;0;0;TECH_THE_WHEEL;TECH_CHIVALRY;UNITCLASS_KNIGHT;0;15;-1;0;0;-1;0;0;0;0;0;0;0;0;0;0;0;0;0;0;0;0;0;100;0;0;0;0;;0;3;3;;;0;0;0;0;ART_DEF_UNIT_U_INDIAN_WARELEPHANT;0;0;;;;0;0;1;PHANT;19;19;UNIT_ATLAS_1;UNIT_FLAG_ATLAS
78;UNIT_SPEARMAN;TXT_KEY_UNIT_SPEARMAN;TXT_KEY_CIV5_ANTIQUITY_SPEARMAN_TEXT;TXT_KEY_UNIT_SPEARMAN_STRATEGY;TXT_KEY_UNIT_HELP_SPEARMAN;;11;0;56;112;1;0;0;2;0;0;2;UNITCLASS_SPEARMAN;;;UNITCOMBAT_MELEE;DOMAIN_LAND;;UNITAI_COUNTER;0;0;0;1;1;1;;0;0;0;0;0;0;0;0;0;0;0;0;TECH_BRONZE_WORKING;TECH_CIVIL_SERVICE;UNITCLASS_PIKEMAN;0;15;-1;0;0;-1;0;0;0;0;0;0;0;0;0;0;0;0;0;0;0;0;0;100;0;0;0;0;;0;3;3;;;2;0;0;0;ART_DEF_UNIT_SPEARMAN;0;0;;;;0;0;1;BIPED;9;9;UNIT_ATLAS_1;UNIT_FLAG_ATLAS
79;UNIT_GREEK_HOPLITE;TXT_KEY_UNIT_GREEK_HOPLITE;TXT_KEY_CIV5_ANTIQUITY_HOPLITE_TEXT;TXT_KEY_UNIT_GREEK_HOPLITE_STRATEGY;TXT_KEY_UNIT_HELP_HOPLITE;;13;0;56;112;1;0;0;2;0;0;2;UNITCLASS_SPEARMAN;;;UNITCOMBAT_MELEE;DOMAIN_LAND;;UNITAI_COUNTER;0;0;0;1;1;1;;0;0;0;0;0;0;0;0;0;0;0;0;TECH_BRONZE_WORKING;TECH_CIVIL_SERVICE;UNITCLASS_PIKEMAN;0;15;-1;0;0;-1;0;0;0;0;0;0;0;0;0;0;0;0;0;0;0;0;0;100;0;0;0;0;;0;3;3;;;2;0;0;0;ART_DEF_UNIT_U_GREEK_HOPLITE;0;0;;;;0;0;1;BIPED;10;10;UNIT_ATLAS_1;UNIT_FLAG_ATLAS
80;UNIT_PERSIAN_IMMORTAL;TXT_KEY_UNIT_PERSIAN_IMMORTAL;TXT_KEY_CIV5_ANTIQUITY_IMMORTAL_TEXT;TXT_KEY_UNIT_PERSIAN_IMMORTAL_STRATEGY;TXT_KEY_UNIT_HELP_IMMORTAL;;12;0;56;112;1;0;0;2;0;0;2;UNITCLASS_SPEARMAN;;;UNITCOMBAT_MELEE;DOMAIN_LAND;;UNITAI_COUNTER;0;0;0;1;1;1;;0;0;0;0;0;0;0;0;0;0;0;0;TECH_BRONZE_WORKING;TECH_CIVIL_SERVICE;UNITCLASS_PIKEMAN;0;15;-1;0;0;-1;0;0;0;0;0;0;0;0;0;0;0;0;0;0;0;0;0;100;0;0;0;0;;0;3;3;;;2;0;0;0;ART_DEF_UNIT_U_PERSIAN_IMMORTAL;0;0;;;;0;0;1;BIPED;11;11;UNIT_ATLAS_1;UNIT_FLAG_ATLAS
81;UNIT_ARCHER;TXT_KEY_UNIT_ARCHER;TXT_KEY_CIV5_ANTIQUITY_ARCHER_TEXT;TXT_KEY_UNIT_ARCHER_STRATEGY;TXT_KEY_UNIT_HELP_ARCHER;;5;7;40;80;1;0;0;2;0;2;2;UNITCLASS_ARCHER;;;UNITCOMBAT_ARCHER;DOMAIN_LAND;;UNITAI_RANGED;0;0;0;1;1;1;;0;0;0;0;0;0;0;0;0;0;0;0;TECH_ARCHERY;TECH_CONSTRUCTION;UNITCLASS_COMPOSITE_BOWMAN;0;15;-1;0;0;-1;0;0;0;0;0;0;0;0;0;0;0;0;0;0;0;0;0;100;0;0;0;0;;0;3;3;;;0;0;0;0;ART_DEF_UNIT_ARCHER;0;0;;;;0;0;1;BIPED;6;6;UNIT_ATLAS_1;UNIT_FLAG_ATLAS
82;UNIT_SCOUT;TXT_KEY_UNIT_SCOUT;TXT_KEY_CIV5_ANTIQUITY_SCOUT_TEXT;TXT_KEY_UNIT_SCOUT_STRATEGY;TXT_KEY_UNIT_HELP_SCOUT;;5;0;25;50;1;0;0;2;0;0;2;UNITCLASS_SCOUT;;;UNITCOMBAT_RECON;DOMAIN_LAND;;UNITAI_EXPLORE;0;1;0;1;1;1;;0;0;0;0;0;0;0;0;0;0;0;0;;TECH_SCIENTIFIC_THEORY;UNITCLASS_ARCHER;0;10;-1;0;0;-1;0;0;0;0;0;0;0;0;0;0;0;0;0;0;0;0;0;100;0;0;0;0;;0;3;3;;;0;0;0;0;ART_DEF_UNIT_SCOUT;0;0;;;;0;0;1;BIPED;5;5;UNIT_ATLAS_1;UNIT_FLAG_ATLAS
83;UNIT_WARRIOR;TXT_KEY_UNIT_WARRIOR;TXT_KEY_CIV5_ANTIQUITY_WARRIOR_TEXT;TXT_KEY_UNIT_WARRIOR_STRATEGY;TXT_KEY_UNIT_HELP_WARRIOR;;8;0;40;80;1;0;0;2;0;0;2;UNITCLASS_WARRIOR;;;UNITCOMBAT_MELEE;DOMAIN_LAND;;UNITAI_ATTACK;0;0;0;1;1;1;;0;0;0;0;0;0;0;0;0;0;0;0;;TECH_METAL_CASTING;UNITCLASS_SPEARMAN;0;10;-1;0;0;-1;0;0;0;0;0;0;0;0;0;0;0;0;0;0;0;0;0;100;0;0;0;0;;0;3;3;;;1;0;0;0;ART_DEF_UNIT__WARRIOR;0;0;;;;0;0;1;BIPED;3;3;UNIT_ATLAS_1;UNIT_FLAG_ATLAS
84;UNIT_AZTEC_JAGUAR;TXT_KEY_UNIT_AZTEC_JAGUAR;TXT_KEY_CIV5_ANTIQUITY_JAGUAR_TEXT;TXT_KEY_UNIT_AZTEC_JAGUAR_STRATEGY;TXT_KEY_UNIT_HELP_JAGUAR;;8;0;40;80;1;0;0;2;0;0;2;UNITCLASS_WARRIOR;;;UNITCOMBAT_MELEE;DOMAIN_LAND;;UNITAI_ATTACK;0;0;0;1;1;1;;0;0;0;0;0;0;0;0;0;0;0;0;;TECH_METAL_CASTING;UNITCLASS_SPEARMAN;0;10;-1;0;0;-1;0;0;0;0;0;0;0;0;0;0;0;0;0;0;0;0;0;100;0;0;0;0;;0;3;3;;;1;0;0;0;ART_DEF_UNIT_U_AZTEC_JAGUAR;0;0;;;;0;0;1;BIPED;4;4;UNIT_ATLAS_1;UNIT_FLAG_ATLAS
85;UNIT_BARBARIAN_WARRIOR;TXT_KEY_UNIT_BRUTE;TXT_KEY_CIV5_BARBARIANS_TEXT;;TXT_KEY_UNIT_HELP_BARBARIAN_WARRIOR;;8;0;20;0;0;0;0;2;0;0;2;UNITCLASS_WARRIOR;;;UNITCOMBAT_MELEE;DOMAIN_LAND;;UNITAI_ATTACK;0;0;0;1;1;1;;0;0;0;0;0;0;0;0;0;0;0;0;;;;0;10;-1;0;0;-1;0;0;0;0;0;0;0;0;0;0;0;0;0;0;0;0;0;100;0;0;0;0;;0;3;3;;;1;0;0;0;ART_DEF_UNIT_BARBARIAN_EURO;0;0;;;;0;0;1;HEAVY_BIPED;3;25;UNIT_ATLAS_1;UNIT_FLAG_ATLAS
86;UNIT_GALLEY;TXT_KEY_UNIT_GALLEY;TXT_KEY_UNIT_GALLEY_PEDIA;TXT_KEY_UNIT_GALLEY_STRATEGY;;;7;0;40;0;0;0;0;3;0;0;2;UNITCLASS_GALLEY;;;UNITCOMBAT_NAVALMELEE;DOMAIN_SEA;;UNITAI_ATTACK_SEA;0;0;0;1;1;1;;0;0;0;0;0;0;0;0;0;1;0;0;;;;0;10;10;0;0;-1;0;0;0;0;0;0;0;0;0;0;0;0;0;0;0;0;0;100;0;0;0;0;;0;3;3;;;0;0;0;0;ART_DEF_UNIT_BARBARIAN_GALLEY;0;0;;;;0;0;1;WOODEN_BOAT;23;23;UNIT_ATLAS_1;UNIT_FLAG_ATLAS
87;UNIT_BARBARIAN_ARCHER;TXT_KEY_UNIT_ARCHER;;;TXT_KEY_UNIT_HELP_ARCHER;;4;7;40;0;0;0;0;2;0;2;2;UNITCLASS_ARCHER;;;UNITCOMBAT_ARCHER;DOMAIN_LAND;;UNITAI_RANGED;0;0;0;1;1;1;;0;0;0;0;0;0;0;0;0;0;0;0;TECH_ARCHERY;;;0;15;-1;0;0;-1;0;0;0;0;0;0;0;0;0;0;0;0;0;0;0;0;0;100;0;0;0;0;;0;3;3;;;0;0;0;0;ART_DEF_UNIT_BARBARIAN_ARCHER;0;0;;;;0;0;0;BIPED;6;6;UNIT_ATLAS_1;UNIT_FLAG_ATLAS
88;UNIT_BARBARIAN_SPEARMAN;TXT_KEY_UNIT_SPEARMAN;;;TXT_KEY_UNIT_HELP_SPEARMAN;;10;0;56;0;0;0;0;2;0;0;2;UNITCLASS_SPEARMAN;;;UNITCOMBAT_MELEE;DOMAIN_LAND;;UNITAI_COUNTER;0;0;0;1;1;1;;0;0;0;0;0;0;0;0;0;0;0;0;TECH_BRONZE_WORKING;TECH_CIVIL_SERVICE;UNITCLASS_PIKEMAN;0;15;-1;0;0;-1;0;0;0;0;0;0;0;0;0;0;0;0;0;0;0;0;0;100;0;0;0;0;;0;3;3;;;2;0;0;0;ART_DEF_UNIT_BARBARIAN_SPEARMAN;0;0;;;;0;0;0;BIPED;9;9;UNIT_ATLAS_1;UNIT_FLAG_ATLAS
89;UNIT_BARBARIAN_SWORDSMAN;TXT_KEY_UNIT_SWORDSMAN;;;;;14;0;75;0;0;0;0;2;0;0;2;UNITCLASS_SWORDSMAN;;;UNITCOMBAT_MELEE;DOMAIN_LAND;;UNITAI_ATTACK;0;0;0;1;1;1;;0;0;0;0;0;0;0;0;0;0;0;0;TECH_IRON_WORKING;TECH_GUNPOWDER;UNITCLASS_LONGSWORDSMAN;0;20;-1;0;0;-1;0;0;0;0;0;0;0;0;0;0;0;0;0;0;0;0;0;100;0;0;0;0;;0;3;3;;;1;0;0;0;ART_DEF_UNIT_BARBARIAN_SWORDSMAN;0;0;;;;0;0;0;HEAVY_BIPED;14;14;UNIT_ATLAS_1;UNIT_FLAG_ATLAS
90;UNIT_MONGOLIAN_KESHIK;TXT_KEY_UNIT_MONGOL_KESHIK;TXT_KEY_CIV5_MONGOLIA_KESHIK_TEXT;TXT_KEY_CIV5_MONGOLIA_KESHIK_STRATEGY;TXT_KEY_CIV5_MONGOLIA_KESHIK_HELP;;15;16;120;240;1;0;0;5;0;2;2;UNITCLASS_KNIGHT;;;UNITCOMBAT_ARCHER;DOMAIN_LAND;;UNITAI_RANGED;0;0;0;1;1;1;;0;0;0;0;0;0;0;0;0;0;0;0;TECH_CHIVALRY;TECH_MILITARY_SCIENCE;UNITCLASS_CAVALRY;0;25;-1;0;0;-1;0;0;0;0;0;0;0;0;0;0;0;0;0;0;0;0;0;100;0;0;0;0;;0;3;3;;;0;0;0;0;ART_DEF_UNIT_U_MONGOLIAN_KESHIK;0;0;;;;0;0;1;BIPED;0;0;GENGHIS_UNIT_ATLAS;GENGHIS_UNIT_FLAG_ATLAS
91;UNIT_MONGOLIAN_KHAN;TXT_KEY_UNIT_MONGOL_KHAN;TXT_KEY_CIV5_MONGOLIA_KHAN_TEXT;TXT_KEY_CIV5_MONGOLIA_KHAN_STRATEGY;TXT_KEY_CIV5_MONGOLIA_KHAN_HELP;;0;0;-1;0;0;0;0;5;0;0;2;UNITCLASS_GREAT_GENERAL;SPECIALUNIT_PEOPLE;;;DOMAIN_LAND;CIVILIAN_ATTACK_PRIORITY_HIGH;UNITAI_GENERAL;0;0;0;0;0;0;;0;0;0;0;0;0;0;0;0;0;0;0;;;;0;-1;-1;0;0;-1;1;0;0;0;0;0;0;0;0;0;0;0;0;0;0;0;0;0;0;0;0;0;;0;0;0;;;0;0;0;0;ART_DEF_UNIT_GENERAL_KHAN;0;0;;;;0;1;1;GREAT_PERSON;90;1;GENGHIS_UNIT_ATLAS;UNIT_FLAG_ATLAS
92;UNIT_INCAN_SLINGER;TXT_KEY_UNIT_INCAN_SLINGER;TXT_KEY_CIV5_INCA_SLINGER_TEXT;TXT_KEY_CIV5_INCA_SLINGER_STRATEGY;TXT_KEY_CIV5_INCA_SLINGER_HELP;;4;7;40;80;1;0;0;2;0;2;2;UNITCLASS_ARCHER;;;UNITCOMBAT_ARCHER;DOMAIN_LAND;;UNITAI_RANGED;0;0;0;1;1;1;;0;0;0;0;0;0;0;0;0;0;0;0;TECH_ARCHERY;TECH_CONSTRUCTION;UNITCLASS_COMPOSITE_BOWMAN;0;15;-1;0;0;-1;0;0;0;0;0;0;0;0;0;0;0;0;0;0;0;0;0;100;0;0;0;0;;0;3;3;;;0;0;0;0;ART_DEF_UNIT_U_INCAN_SLINGER;0;0;;;;0;0;1;BIPED;0;0;DLC02_UNIT_ATLAS;DLC02_UNIT_FLAG_ATLAS
93;UNIT_SPANISH_TERCIO;TXT_KEY_UNIT_SPANISH_TERCIO;TXT_KEY_CIV5_SPAIN_TERCIO_TEXT;TXT_KEY_CIV5_SPAIN_TERCIO_STRATEGY;TXT_KEY_CIV5_SPAIN_TERCIO_HELP;;26;0;160;320;1;0;0;2;0;0;2;UNITCLASS_MUSKETMAN;;;UNITCOMBAT_MELEE;DOMAIN_LAND;;UNITAI_ATTACK;0;0;0;1;1;1;;0;0;0;0;0;0;0;0;0;0;0;0;TECH_GUNPOWDER;TECH_RIFLING;UNITCLASS_RIFLEMAN;0;20;-1;0;0;-1;0;0;0;0;0;0;0;0;0;0;0;0;0;0;0;0;0;100;0;0;0;0;;0;3;3;;;4;0;0;0;ART_DEF_UNIT_U_SPANISH_TERCIO;0;0;;;;0;0;1;BIPED;3;3;DLC02_UNIT_ATLAS;DLC02_UNIT_FLAG_ATLAS
94;UNIT_SPANISH_CONQUISTADOR;TXT_KEY_UNIT_SPANISH_CONQUISTADOR;TXT_KEY_CIV5_SPAIN_CONQUISTADOR_TEXT;TXT_KEY_CIV5_SPAIN_CONQUISTADOR_STRATEGY;TXT_KEY_CIV5_SPAIN_CONQUISTADOR_HELP;;20;0;135;270;1;0;0;4;0;0;2;UNITCLASS_KNIGHT;;;UNITCOMBAT_MOUNTED;DOMAIN_LAND;;UNITAI_ATTACK;0;0;0;1;1;1;;0;1;0;0;0;0;0;0;0;0;0;0;TECH_CHIVALRY;TECH_MILITARY_SCIENCE;UNITCLASS_CAVALRY;0;25;-1;0;0;-1;0;0;0;0;0;0;0;0;0;0;0;0;0;0;0;0;0;100;0;0;0;0;;0;3;3;;;0;0;0;0;ART_DEF_UNIT_U_SPANISH_CONQUISTADOR;0;0;;;;0;0;1;BIPED;1;1;DLC02_UNIT_ATLAS;DLC02_UNIT_FLAG_ATLAS
95;UNIT_POLYNESIAN_MAORI_WARRIOR;TXT_KEY_UNIT_POLYNESIAN_MAORI_WARRIOR;TXT_KEY_CIV5_POLYNESIAN_MAORI_WARRIOR_TEXT;TXT_KEY_CIV5_POLYNESIAN_MAORI_WARRIOR_STRATEGY;TXT_KEY_CIV5_POLYNESIAN_MAORI_WARRIOR_HELP;;8;0;40;80;1;0;0;2;0;0;2;UNITCLASS_WARRIOR;;;UNITCOMBAT_MELEE;DOMAIN_LAND;;UNITAI_ATTACK;0;0;0;1;1;1;;0;0;0;0;0;0;0;0;0;0;0;0;;TECH_METAL_CASTING;UNITCLASS_SPEARMAN;0;10;-1;0;0;-1;0;0;0;0;0;0;0;0;0;0;0;0;0;0;0;0;0;100;0;0;0;0;;0;3;3;;;1;0;0;0;ART_DEF_UNIT_U_POLYNESIAN_MAORI_WARRIOR;0;0;;;;0;0;1;BIPED;0;0;KAMEHAMEHA_UNIT_ATLAS;KAMEHAMEHA_UNIT_FLAG_ATLAS
96;UNIT_DANISH_BERSERKER;TXT_KEY_UNIT_DANISH_BERSERKER;TXT_KEY_CIV5_DENMARK_BERSERKER_TEXT;TXT_KEY_CIV5_DENMARK_BERSERKER_STRATEGY;TXT_KEY_CIV5_DENMARK_BERSERKER_HELP;;21;0;120;240;1;0;0;3;0;0;2;UNITCLASS_LONGSWORDSMAN;;;UNITCOMBAT_MELEE;DOMAIN_LAND;;UNITAI_ATTACK;0;0;0;1;1;1;;0;0;0;0;0;0;0;0;0;0;0;0;TECH_METAL_CASTING;TECH_METALLURGY;UNITCLASS_MUSKETMAN;20;25;-1;0;0;-1;0;0;0;0;0;0;0;0;0;0;0;0;0;0;0;0;0;100;0;0;0;0;;0;3;3;;;3;0;0;0;ART_DEF_UNIT_U_DANISH_BERSERKER;0;0;;;;0;0;1;HEAVY_BIPED;0;0;HARALD_UNIT_ATLAS;HARALD_UNIT_FLAG_ATLAS
97;UNIT_DANISH_SKI_INFANTRY;TXT_KEY_UNIT_DANISH_SKI_INFANTRY;TXT_KEY_CIV5_DENMARK_SKI_INFANTRY_TEXT;TXT_KEY_CIV5_DENMARK_SKI_INFANTRY_STRATEGY;TXT_KEY_CIV5_DENMARK_SKI_INFANTRY_HELP;;34;0;225;450;1;0;0;2;0;0;2;UNITCLASS_RIFLEMAN;;;UNITCOMBAT_GUN;DOMAIN_LAND;;UNITAI_DEFENSE;0;0;0;1;1;1;;0;0;0;0;0;0;0;1;0;0;0;0;TECH_RIFLING;TECH_REPLACEABLE_PARTS;UNITCLASS_GREAT_WAR_INFANTRY;0;30;-1;0;0;-1;0;0;0;0;0;0;0;0;0;0;0;0;0;0;0;0;0;100;0;0;0;0;;0;3;3;;;5;0;0;0;ART_DEF_UNIT_U_DANISH_SKI_INFANTRY;0;0;;;;0;0;1;BIPED;1;1;HARALD_UNIT_ATLAS;HARALD_UNIT_FLAG_ATLAS
98;UNIT_KOREAN_TURTLE_SHIP;TXT_KEY_CIV5_KOREA_TURTLESHIP_HEADING;TXT_KEY_CIV5_KOREA_TURTLESHIP_TEXT;TXT_KEY_CIV5_KOREA_TURTLESHIP_STRATEGY;TXT_KEY_CIV5_KOREA_TURTLESHIP_HELP;;36;0;120;0;0;0;0;4;0;0;2;UNITCLASS_CARAVEL;;;UNITCOMBAT_NAVALMELEE;DOMAIN_SEA;;UNITAI_ATTACK_SEA;0;0;0;1;1;1;;0;0;0;0;0;0;0;0;0;1;0;0;TECH_ASTRONOMY;TECH_REPLACEABLE_PARTS;;30;50;10;0;0;-1;0;0;0;0;0;0;0;0;0;0;0;0;0;0;0;0;0;100;0;0;0;0;;0;3;3;;;0;0;0;0;ART_DEF_UNIT_U_KOREAN_TURTLESHIP;0;0;;;;0;0;1;BOAT;1;1;SEJONG_UNIT_ATLAS;SEJONG_UNIT_FLAG_ATLAS
99;UNIT_KOREAN_HWACHA;TXT_KEY_CIV5_KOREA_HWACHA_HEADING;TXT_KEY_CIV5_KOREA_HWACHA_TEXT;TXT_KEY_CIV5_KOREA_HWACHA_STRATEGY;TXT_KEY_CIV5_KOREA_HWACHA_HELP;;11;26;120;240;1;0;0;2;0;2;2;UNITCLASS_TREBUCHET;;;UNITCOMBAT_SIEGE;DOMAIN_LAND;;UNITAI_RANGED;0;0;0;1;1;1;;0;0;0;0;0;0;0;0;0;1;0;0;TECH_PHYSICS;TECH_CHEMISTRY;UNITCLASS_CANNON;0;25;-1;0;0;-1;0;0;0;0;0;0;0;0;0;0;0;0;0;0;0;0;0;100;0;0;0;0;;0;3;3;;;0;0;0;0;ART_DEF_UNIT_U_KOREAN_HWACHA;0;0;;;;0;0;1;ARTILLERY;0;0;SEJONG_UNIT_ATLAS;SEJONG_UNIT_FLAG_ATLAS
100;UNIT_BABYLONIAN_BOWMAN;TXT_KEY_UNIT_BABYLON_BOWMAN;TXT_KEY_CIV5_BABYLON_BOWMAN_TEXT;TXT_KEY_CIV5_BABYLON_BOWMAN_STRATEGY;TXT_KEY_CIV5_BABYLON_BOWMAN_HELP;;7;9;40;80;1;0;0;2;0;2;2;UNITCLASS_ARCHER;;;UNITCOMBAT_ARCHER;DOMAIN_LAND;;UNITAI_RANGED;0;0;0;1;1;1;;0;0;0;0;0;0;0;0;0;0;0;0;TECH_ARCHERY;TECH_CONSTRUCTION;UNITCLASS_COMPOSITE_BOWMAN;0;50;-1;0;0;-1;0;0;0;0;0;0;0;0;0;0;0;0;0;0;0;0;0;100;0;0;0;0;;0;3;3;;;0;0;0;0;ART_DEF_UNIT_U_BABYLONIAN_BOWMAN;0;0;;;;0;0;1;BIPED;0;0;NEB_UNIT_ATLAS;NEB_UNIT_FLAG_ATLAS
102;UNIT_CELT_PICTISH_WARRIOR;TXT_KEY_UNIT_CELT_PICTISH_WARRIOR;TXT_KEY_CIV5_CELT_PICTISH_WARRIOR_TEXT;TXT_KEY_UNIT_CELT_PICTISH_WARRIOR_STRATEGY;TXT_KEY_UNIT_HELP_CELT_PICTISH_WARRIOR;;11;0;56;112;1;0;0;2;0;0;2;UNITCLASS_SPEARMAN;;;UNITCOMBAT_MELEE;DOMAIN_LAND;;UNITAI_ATTACK;0;0;0;1;1;1;;0;0;0;0;0;0;0;0;0;0;0;0;TECH_BRONZE_WORKING;TECH_CIVIL_SERVICE;UNITCLASS_PIKEMAN;0;15;-1;0;0;-1;0;0;0;0;0;0;0;0;0;0;0;0;0;0;0;0;0;100;0;0;0;0;;0;3;3;;;2;0;0;0;ART_DEF_UNIT_U_CELT_PICTISH_WARRIOR;0;0;;;;0;0;1;BIPED;10;10;EXPANSION_UNIT_ATLAS_1;EXPANSION_UNIT_FLAG_ATLAS
103;UNIT_MAYAN_ATLATLIST;TXT_KEY_UNIT_MAYAN_ATLATLIST;TXT_KEY_CIV5_MAYAN_ATLATLIST_TEXT;TXT_KEY_UNIT_MAYAN_ATLATLIST_STRATEGY;TXT_KEY_UNIT_HELP_MAYAN_ATLATLIST;;5;7;36;72;1;0;0;2;0;2;2;UNITCLASS_ARCHER;;;UNITCOMBAT_ARCHER;DOMAIN_LAND;;UNITAI_RANGED;0;0;0;1;1;1;;0;0;0;0;0;0;0;0;0;0;0;0;TECH_AGRICULTURE;TECH_CONSTRUCTION;UNITCLASS_COMPOSITE_BOWMAN;0;15;-1;0;0;-1;0;0;0;0;0;0;0;0;0;0;0;0;0;0;0;0;0;100;0;0;0;0;;0;3;3;;;0;0;0;0;ART_DEF_UNIT_U_MAYAN_ATLALIST;0;0;;;;0;0;1;BIPED;1;1;EXPANSION_UNIT_ATLAS_1;EXPANSION_UNIT_FLAG_ATLAS
104;UNIT_BYZANTINE_DROMON;TXT_KEY_UNIT_BYZANTINE_DROMON;TXT_KEY_CIV5_BYZANTINE_DROMON_TEXT;TXT_KEY_UNIT_BYZANTINE_DROMON_STRATEGY;TXT_KEY_UNIT_HELP_BYZANTINE_DROMON;;8;10;56;0;0;0;0;4;0;2;2;UNITCLASS_TRIREME;;;UNITCOMBAT_NAVALRANGED;DOMAIN_SEA;;UNITAI_ASSAULT_SEA;0;0;0;1;1;1;;0;0;0;0;0;0;0;0;0;1;0;0;TECH_SAILING;TECH_ASTRONOMY;;0;30;10;0;0;-1;0;0;0;0;0;0;0;0;0;0;0;0;0;0;0;0;0;100;0;0;0;0;;0;3;3;;;0;0;0;0;ART_DEF_UNIT_U_BYZANTIUM_DROMON;0;0;;;;0;0;1;WOODEN_BOAT;5;5;EXPANSION_UNIT_ATLAS_1;EXPANSION_UNIT_FLAG_ATLAS
105;UNIT_BYZANTINE_CATAPHRACT;TXT_KEY_UNIT_BYZANTINE_CATAPHRACT;TXT_KEY_CIV5_BYZANTINE_CATAPHRACT_TEXT;TXT_KEY_UNIT_BYZANTINE_CATAPHRACT_STRATEGY;TXT_KEY_UNIT_HELP_BYZANTINE_CATAPHRACT;;15;0;75;150;1;0;0;3;0;0;2;UNITCLASS_HORSEMAN;;;UNITCOMBAT_MOUNTED;DOMAIN_LAND;;UNITAI_FAST_ATTACK;0;0;0;1;1;1;;0;0;0;0;0;0;0;0;0;0;0;0;TECH_HORSEBACK_RIDING;TECH_CHIVALRY;UNITCLASS_KNIGHT;20;20;-1;0;0;-1;0;0;0;0;0;0;0;0;0;0;0;0;0;0;0;0;0;100;0;0;0;0;;0;3;3;;;0;0;0;0;ART_DEF_UNIT_U_BYZANTIUM_CATAPHRACT;0;0;;;;0;0;1;QUADRUPED;4;4;EXPANSION_UNIT_ATLAS_1;EXPANSION_UNIT_FLAG_ATLAS
106;UNIT_CARTHAGINIAN_FOREST_ELEPHANT;TXT_KEY_UNIT_CARTHAGINIAN_FOREST_ELEPHANT;TXT_KEY_CIV5_CARTHAGINIAN_FOREST_ELEPHANT_TEXT;TXT_KEY_UNIT_CARTHAGINIAN_FOREST_ELEPHANT_STRATEGY;TXT_KEY_UNIT_HELP_CARTHAGINIAN_FOREST_ELEPHANT;;14;0;100;200;1;0;0;3;0;0;2;UNITCLASS_HORSEMAN;;;UNITCOMBAT_MOUNTED;DOMAIN_LAND;;UNITAI_FAST_ATTACK;0;0;0;1;1;1;;0;0;0;0;0;0;0;0;0;0;0;0;TECH_HORSEBACK_RIDING;TECH_CHIVALRY;UNITCLASS_KNIGHT;20;20;-1;0;0;-1;0;0;0;0;0;0;0;0;0;0;0;0;0;0;0;0;0;100;0;0;0;0;;0;3;3;;;0;0;0;0;ART_DEF_UNIT_U_CARTHAGE_AFRICANFOREST_ELEPHANT;0;0;;;;0;0;1;QUADRUPED;0;0;EXPANSION_UNIT_ATLAS_1;EXPANSION_UNIT_FLAG_ATLAS
107;UNIT_CARTHAGINIAN_QUINQUEREME;TXT_KEY_UNIT_CARTHAGINIAN_QUINQUEREME;TXT_KEY_CIV5_CARTHAGINIAN_QUINQUEREME_TEXT;TXT_KEY_UNIT_CARTHAGINIAN_QUINQUEREME_STRATEGY;TXT_KEY_UNIT_HELP_CARTHAGINIAN_QUINQUEREME;;13;0;45;0;0;0;0;4;0;0;2;UNITCLASS_TRIREME;;;UNITCOMBAT_NAVALMELEE;DOMAIN_SEA;;UNITAI_ATTACK_SEA;0;0;0;1;1;1;;0;0;0;0;0;0;0;0;0;1;0;0;TECH_SAILING;TECH_ASTRONOMY;;0;30;10;0;0;-1;0;0;0;0;0;0;0;0;0;0;0;0;0;0;0;0;0;100;0;0;0;0;;0;3;3;;;0;0;0;0;ART_DEF_UNIT_U_CARTHAGE_QUINQUEREME;0;0;;;;0;0;1;WOODEN_BOAT;11;11;EXPANSION_UNIT_ATLAS_1;EXPANSION_UNIT_FLAG_ATLAS
108;UNIT_HUN_HORSE_ARCHER;TXT_KEY_UNIT_HUN_HORSE_ARCHER;TXT_KEY_CIV5_HUN_HORSE_ARCHER_TEXT;TXT_KEY_UNIT_HUN_HORSE_ARCHER_STRATEGY;TXT_KEY_UNIT_HELP_HUN_HORSE_ARCHER;;7;10;56;112;1;0;0;4;0;2;2;UNITCLASS_CHARIOT_ARCHER;;;UNITCOMBAT_ARCHER;DOMAIN_LAND;;UNITAI_RANGED;0;0;0;1;1;1;;0;0;0;0;0;0;0;0;0;0;0;0;TECH_THE_WHEEL;TECH_CHIVALRY;UNITCLASS_KNIGHT;20;15;-1;0;0;-1;0;0;0;0;0;0;0;0;0;0;0;0;0;0;0;0;0;100;0;0;0;0;;0;3;3;;;0;0;0;0;ART_DEF_UNIT_U_HUNS_HORSE_ARCHER;0;0;;;;0;0;1;QUADRUPED;7;7;EXPANSION_UNIT_ATLAS_1;EXPANSION_UNIT_FLAG_ATLAS
109;UNIT_AUSTRIAN_HUSSAR;TXT_KEY_UNIT_AUSTRIAN_HUSSAR;TXT_KEY_CIV5_AUSTRIAN_HUSSAR_TEXT;TXT_KEY_UNIT_AUSTRIAN_HUSSAR_STRATEGY;TXT_KEY_UNIT_HELP_AUSTRIAN_HUSSAR;;34;0;225;0;0;0;0;5;0;0;2;UNITCLASS_CAVALRY;;;UNITCOMBAT_MOUNTED;DOMAIN_LAND;;UNITAI_FAST_ATTACK;0;0;0;1;1;1;;0;0;0;0;0;0;0;1;0;0;0;0;TECH_MILITARY_SCIENCE;TECH_COMBUSTION;UNITCLASS_WWI_TANK;0;30;-1;0;0;-1;0;0;0;0;0;0;0;0;0;0;0;0;0;0;0;0;0;100;0;0;0;0;;0;3;3;;;0;0;0;0;ART_DEF_UNIT_U_AUSTRIAN_HUSSAR;0;0;;;;0;0;1;QUADRUPED;8;8;EXPANSION_UNIT_ATLAS_1;EXPANSION_UNIT_FLAG_ATLAS
110;UNIT_ETHIOPIAN_MEHAL_SEFARI;TXT_KEY_UNIT_MEHAL_SEFARI;TXT_KEY_CIV5_MEHAL_SEFARI_TEXT;TXT_KEY_UNIT_MEHAL_SEFARI_STRATEGY;TXT_KEY_UNIT_HELP_MEHAL_SEFARI;;34;0;200;0;0;0;0;2;0;0;2;UNITCLASS_RIFLEMAN;;;UNITCOMBAT_GUN;DOMAIN_LAND;;UNITAI_DEFENSE;0;0;0;1;1;1;;0;0;0;0;0;0;0;1;0;0;0;0;TECH_RIFLING;TECH_REPLACEABLE_PARTS;UNITCLASS_GREAT_WAR_INFANTRY;0;30;-1;0;0;-1;0;0;0;0;0;0;0;0;0;0;0;0;0;0;0;0;0;100;0;0;0;0;;0;3;3;;;5;0;0;0;ART_DEF_UNIT_U_ETHIOPIA_MEHAL_SEFARI;0;0;;;;0;0;1;BIPED;9;9;EXPANSION_UNIT_ATLAS_1;EXPANSION_UNIT_FLAG_ATLAS
120;UNIT_SWEDISH_CAROLEAN;TXT_KEY_UNIT_SWEDISH_CAROLEAN;TXT_KEY_CIV5_SWEDISH_CAROLEAN_TEXT;TXT_KEY_UNIT_SWEDISH_CAROLEAN_STRATEGY;TXT_KEY_UNIT_HELP_SWEDISH_CAROLEAN;;34;0;225;0;0;0;0;2;0;0;2;UNITCLASS_RIFLEMAN;;;UNITCOMBAT_GUN;DOMAIN_LAND;;UNITAI_DEFENSE;0;0;0;1;1;1;;0;0;0;0;0;0;0;1;0;0;0;0;TECH_RIFLING;TECH_REPLACEABLE_PARTS;UNITCLASS_GREAT_WAR_INFANTRY;0;30;-1;0;0;-1;0;0;0;0;0;0;0;0;0;0;0;0;0;0;0;0;0;100;0;0;0;0;;0;3;3;;;5;0;0;0;ART_DEF_UNIT_U_SWEDISH_CAROLEAN;0;0;;;;0;0;1;BIPED;3;3;EXPANSION_UNIT_ATLAS_1;EXPANSION_UNIT_FLAG_ATLAS
121;UNIT_SWEDISH_HAKKAPELIITTA;TXT_KEY_UNIT_SWEDISH_HAKKAPELIITTA;TXT_KEY_CIV5_SWEDISH_HAKKAPELIITTA_TEXT;TXT_KEY_UNIT_SWEDISH_HAKKAPELIITTA_STRATEGY;TXT_KEY_UNIT_HELP_SWEDISH_HAKKAPELIITTA;;25;0;185;370;1;0;0;4;0;0;2;UNITCLASS_LANCER;;;UNITCOMBAT_MOUNTED;DOMAIN_LAND;;UNITAI_FAST_ATTACK;0;0;0;1;1;1;;0;0;0;0;0;0;0;0;0;0;0;0;TECH_METALLURGY;TECH_COMBINED_ARMS;UNITCLASS_ANTI_TANK_GUN;0;30;-1;0;0;-1;0;0;0;0;0;0;0;0;0;0;0;0;0;0;0;0;0;100;0;0;0;0;;0;3;3;;;0;0;0;0;ART_DEF_UNIT_U_SWEDISH_HAKKAPELITTA;0;0;;;;0;0;1;QUADRUPED;6;6;EXPANSION_UNIT_ATLAS_1;EXPANSION_UNIT_FLAG_ATLAS
122;UNIT_HUN_BATTERING_RAM;TXT_KEY_UNIT_HUN_BATTERING_RAM;TXT_KEY_CIV5_HUN_BATTERING_RAM_TEXT;TXT_KEY_UNIT_HUN_BATTERING_RAM_STRATEGY;TXT_KEY_UNIT_HELP_HUN_BATTERING_RAM;;10;0;75;150;1;0;0;2;0;0;2;UNITCLASS_SPEARMAN;;;UNITCOMBAT_MELEE;DOMAIN_LAND;;UNITAI_CITY_BOMBARD;0;0;0;1;1;1;;0;0;0;0;0;0;0;0;0;0;0;0;TECH_BRONZE_WORKING;TECH_PHYSICS;UNITCLASS_TREBUCHET;0;15;-1;0;0;-1;0;0;0;0;0;0;0;0;0;0;0;0;0;0;0;0;0;100;0;0;0;0;;0;3;3;;;0;0;0;0;ART_DEF_UNIT_U_HUNS_BATTERING_RAM;0;0;;;;0;0;1;BIPED;2;2;EXPANSION_UNIT_ATLAS_1;EXPANSION_UNIT_FLAG_ATLAS
124;UNIT_DUTCH_SEA_BEGGAR;TXT_KEY_UNIT_SEA_BEGGAR;TXT_KEY_CIV5_SEA_BEGGAR_TEXT;TXT_KEY_UNIT_SEA_BEGGAR_STRATEGY;TXT_KEY_UNIT_HELP_SEA_BEGGAR;;25;0;150;0;0;0;0;5;0;0;2;UNITCLASS_PRIVATEER;;;UNITCOMBAT_NAVALMELEE;DOMAIN_SEA;;UNITAI_PIRATE_SEA;0;0;0;1;1;1;;0;0;0;0;0;0;0;0;0;1;0;0;TECH_NAVIGATION;TECH_COMBUSTION;;20;50;10;0;0;-1;0;0;0;0;0;0;0;0;0;0;0;0;0;0;0;0;0;100;0;0;0;0;;0;3;3;;;0;0;0;0;ART_DEF_UNIT_U_DUTCH_SEA_BEGGARS;0;0;;;;0;0;1;WOODEN_BOAT;12;12;EXPANSION_UNIT_ATLAS_1;EXPANSION_UNIT_FLAG_ATLAS
128;UNIT_PROPHET;TXT_KEY_UNIT_GREAT_PROPHET;TXT_KEY_CIV5_GREATPROPHETS_TEXT;TXT_KEY_UNIT_GREAT_PROPHET_STRATEGY;;;0;0;-1;0;0;0;0;2;0;0;2;UNITCLASS_PROPHET;SPECIALUNIT_PEOPLE;UNITCLASS_PROPHET;;DOMAIN_LAND;CIVILIAN_ATTACK_PRIORITY_HIGH;UNITAI_PROPHET;0;0;0;0;0;0;;0;0;0;0;0;0;0;0;0;0;0;0;;;;0;-1;-1;0;0;-1;1;0;0;0;0;0;0;0;0;1;0;4;1000;1;0;0;0;0;0;0;0;0;;0;0;0;;;0;0;0;0;ART_DEF_UNIT_GREAT_PROPHET;0;0;;;;0;0;1;GREAT_PERSON;16;16;EXPANSION_UNIT_ATLAS_1;EXPANSION_UNIT_FLAG_ATLAS
129;UNIT_MISSIONARY;TXT_KEY_UNIT_MISSIONARY;TXT_KEY_CIV5_MISSIONARY_TEXT;TXT_KEY_UNIT_MISSIONARY_STRATEGY;TXT_KEY_UNIT_HELP_MISSIONARY;;0;0;-1;200;0;0;0;4;0;0;2;UNITCLASS_MISSIONARY;;UNITCLASS_MISSIONARY;;DOMAIN_LAND;CIVILIAN_ATTACK_PRIORITY_LOW;UNITAI_MISSIONARY;0;0;0;0;0;0;;0;0;0;0;0;0;0;0;0;0;0;0;;;;0;-1;-1;0;0;-1;0;0;0;0;0;0;0;0;0;1;0;2;1000;0;0;0;0;0;0;0;0;0;;0;0;0;;;0;0;0;0;ART_DEF_UNIT_MISSIONARY;0;0;;;;0;0;1;BIPED;20;20;EXPANSION_UNIT_ATLAS_1;EXPANSION_UNIT_FLAG_ATLAS
130;UNIT_COMPOSITE_BOWMAN;TXT_KEY_UNIT_COMPOSITE_BOWMAN;TXT_KEY_CIV5_COMPOSITE_BOWMAN_TEXT;TXT_KEY_UNIT_COMPOSITE_BOWMAN_STRATEGY;TXT_KEY_UNIT_HELP_COMPOSITE_BOWMAN;;7;11;75;150;1;0;0;2;0;2;2;UNITCLASS_COMPOSITE_BOWMAN;;;UNITCOMBAT_ARCHER;DOMAIN_LAND;;UNITAI_RANGED;0;0;0;1;1;1;;0;0;0;0;0;0;0;0;0;0;0;0;TECH_CONSTRUCTION;TECH_MACHINERY;UNITCLASS_CROSSBOWMAN;0;20;-1;0;0;-1;0;0;0;0;0;0;0;0;0;0;0;0;0;0;0;0;0;100;0;0;0;0;;0;3;3;;;0;0;0;0;ART_DEF_UNIT_COMPOSITE_BOWMAN;0;0;;;;0;0;1;BIPED;13;13;EXPANSION_UNIT_ATLAS_1;EXPANSION_UNIT_FLAG_ATLAS
131;UNIT_GALLEASS;TXT_KEY_UNIT_GALLEASS;TXT_KEY_CIV5_GALLEASS_TEXT;TXT_KEY_UNIT_GALLEASS_STRATEGY;TXT_KEY_UNIT_HELP_GALLEASS;;16;17;100;0;0;0;0;3;0;2;2;UNITCLASS_GALLEASS;;;UNITCOMBAT_NAVALRANGED;DOMAIN_SEA;;UNITAI_ASSAULT_SEA;0;0;0;1;1;1;;0;0;0;0;0;0;0;0;0;1;0;0;TECH_COMPASS;TECH_NAVIGATION;;0;30;10;0;0;-1;0;0;0;0;0;0;0;0;0;0;0;0;0;0;0;0;0;100;0;0;0;0;;0;3;3;;;0;0;0;0;ART_DEF_UNIT_GALLEASS;0;0;;;;0;0;1;WOODEN_BOAT;14;14;EXPANSION_UNIT_ATLAS_1;EXPANSION_UNIT_FLAG_ATLAS
132;UNIT_GREAT_WAR_INFANTRY;TXT_KEY_UNIT_GREAT_WAR_INFANTRY;TXT_KEY_CIV5_GREAT_WAR_INFANTRY_TEXT;TXT_KEY_UNIT_GREAT_WAR_INFANTRY_STRATEGY;TXT_KEY_UNIT_HELP_GREAT_WAR_INFANTRY;;50;0;320;640;1;0;0;2;0;0;2;UNITCLASS_GREAT_WAR_INFANTRY;;;UNITCOMBAT_GUN;DOMAIN_LAND;;UNITAI_DEFENSE;0;0;0;1;1;1;;0;0;0;0;0;0;0;1;0;0;0;0;TECH_REPLACEABLE_PARTS;TECH_PLASTIC;UNITCLASS_INFANTRY;0;30;-1;0;0;-1;0;0;0;0;0;0;0;0;0;0;0;0;0;0;0;0;0;100;0;0;0;0;;0;3;3;;;0;0;0;0;ART_DEF_UNIT_WW1_INFANTRY;0;0;;;;0;0;1;BIPED;25;25;EXPANSION_UNIT_ATLAS_1;EXPANSION_UNIT_FLAG_ATLAS
133;UNIT_MARINE;TXT_KEY_UNIT_MARINE;TXT_KEY_CIV5_MARINE_TEXT;TXT_KEY_UNIT_MARINE_STRATEGY;TXT_KEY_UNIT_HELP_MARINE;;65;0;400;800;1;0;0;2;0;0;2;UNITCLASS_MARINE;;;UNITCOMBAT_GUN;DOMAIN_LAND;;UNITAI_DEFENSE;0;0;0;1;1;1;;0;0;0;0;0;0;0;1;0;0;0;0;TECH_PENICILIN;;;0;40;-1;0;0;-1;0;0;0;0;0;0;0;0;0;0;0;0;0;0;0;0;0;100;0;0;0;0;;0;3;3;;;0;0;0;0;ART_DEF_UNIT_MARINE;0;0;;;;0;0;1;BIPED;19;19;EXPANSION_UNIT_ATLAS_1;EXPANSION_UNIT_FLAG_ATLAS
134;UNIT_TRIPLANE;TXT_KEY_UNIT_TRIPLANE;TXT_KEY_CIV5_TRIPLANE_TEXT;TXT_KEY_UNIT_TRIPLANE_STRATEGY;TXT_KEY_UNIT_HELP_TRIPLANE;;0;35;325;0;0;0;0;2;1;5;2;UNITCLASS_TRIPLANE;SPECIALUNIT_FIGHTER;;UNITCOMBAT_FIGHTER;DOMAIN_AIR;;UNITAI_DEFENSE_AIR;0;0;0;1;1;0;;0;0;0;0;0;0;0;1;0;1;0;0;TECH_FLIGHT;TECH_RADAR;;0;30;-1;5;1;-1;0;0;0;0;0;0;0;0;0;0;0;0;0;0;0;0;0;0;0;0;0;0;;100;3;2;;;0;0;0;0;ART_DEF_UNIT_WW1_FIGHTER;0;0;;;;0;0;1;AIR_REBASE;24;24;EXPANSION_UNIT_ATLAS_1;EXPANSION_UNIT_FLAG_ATLAS
135;UNIT_WWI_BOMBER;TXT_KEY_UNIT_WWI_BOMBER;TXT_KEY_CIV5_WWI_BOMBER_TEXT;TXT_KEY_UNIT_WWI_BOMBER_STRATEGY;TXT_KEY_UNIT_HELP_WWI_BOMBER;;0;50;325;0;0;0;0;2;1;6;2;UNITCLASS_WWI_BOMBER;SPECIALUNIT_FIGHTER;;UNITCOMBAT_BOMBER;DOMAIN_AIR;;UNITAI_ATTACK_AIR;0;0;0;1;1;0;;0;0;0;0;0;0;0;1;0;1;0;0;TECH_FLIGHT;TECH_RADAR;;0;30;-1;0;1;-1;0;0;0;0;0;0;0;0;0;0;0;0;0;0;0;0;0;0;0;0;0;0;;100;3;2;;;0;0;0;0;ART_DEF_UNIT_WW1_BOMBER;0;0;;;;0;0;1;AIR_REBASE;22;22;EXPANSION_UNIT_ATLAS_1;EXPANSION_UNIT_FLAG_ATLAS
136;UNIT_WWI_TANK;TXT_KEY_UNIT_WWI_TANK;TXT_KEY_CIV5_WWI_TANK_TEXT;TXT_KEY_UNIT_WWI_TANK_STRATEGY;TXT_KEY_UNIT_HELP_WWI_TANK;;60;0;350;0;0;0;0;4;0;0;2;UNITCLASS_WWI_TANK;;;UNITCOMBAT_ARMOR;DOMAIN_LAND;;UNITAI_DEFENSE;0;0;0;1;1;1;;0;0;0;0;0;0;0;1;0;1;0;0;TECH_COMBUSTION;TECH_COMBINED_ARMS;UNITCLASS_TANK;0;30;-1;0;0;-1;0;0;0;0;0;0;0;0;0;0;0;0;0;0;0;0;0;100;0;0;0;0;;0;3;3;;;0;0;0;0;ART_DEF_UNIT_WW1_TANK;0;0;;;;0;0;1;WHEELED;23;23;EXPANSION_UNIT_ATLAS_1;EXPANSION_UNIT_FLAG_ATLAS
137;UNIT_MACHINE_GUN;TXT_KEY_UNIT_MACHINE_GUN;TXT_KEY_CIV5_MACHINE_GUN_TEXT;TXT_KEY_UNIT_MACHINE_GUN_STRATEGY;TXT_KEY_UNIT_HELP_MACHINE_GUN;;60;60;350;700;1;0;0;2;0;1;2;UNITCLASS_MACHINE_GUN;;;UNITCOMBAT_ARCHER;DOMAIN_LAND;;UNITAI_DEFENSE;0;0;0;1;1;1;;0;0;0;0;0;0;0;1;0;0;0;0;TECH_BALLISTICS;TECH_NUCLEAR_FISSION;UNITCLASS_BAZOOKA;0;30;-1;0;0;-1;0;0;0;0;0;0;0;0;0;0;0;0;0;0;0;0;0;100;0;0;0;0;;0;3;3;;;0;0;0;0;ART_DEF_UNIT_MACHINEGUN;0;0;;;;0;0;1;BIPED;18;18;EXPANSION_UNIT_ATLAS_1;EXPANSION_UNIT_FLAG_ATLAS
138;UNIT_PRIVATEER;TXT_KEY_UNIT_PRIVATEER;TXT_KEY_CIV5_PRIVATEER_TEXT;TXT_KEY_UNIT_PRIVATEER_STRATEGY;TXT_KEY_UNIT_HELP_PRIVATEER;;25;0;150;0;0;0;0;5;0;0;2;UNITCLASS_PRIVATEER;;;UNITCOMBAT_NAVALMELEE;DOMAIN_SEA;;UNITAI_PIRATE_SEA;0;0;0;1;1;1;;0;0;0;0;0;0;0;0;0;1;0;0;TECH_NAVIGATION;TECH_COMBUSTION;;20;50;10;0;0;-1;0;0;0;0;0;0;0;0;0;0;0;0;0;0;0;0;0;100;0;0;0;0;;0;3;3;;;0;0;0;0;ART_DEF_UNIT_XP_PRIVATEER;0;0;;;;0;0;1;WOODEN_BOAT;21;21;EXPANSION_UNIT_ATLAS_1;EXPANSION_UNIT_FLAG_ATLAS
139;UNIT_INQUISITOR;TXT_KEY_UNIT_INQUISITOR;TXT_KEY_CIV5_INQUISITOR_TEXT;TXT_KEY_UNIT_INQUISITOR_STRATEGY;TXT_KEY_UNIT_HELP_INQUISITOR;;0;0;-1;200;0;0;0;3;0;0;2;UNITCLASS_INQUISITOR;;;;DOMAIN_LAND;CIVILIAN_ATTACK_PRIORITY_LOW;UNITAI_INQUISITOR;0;0;0;0;0;0;;0;0;0;0;0;0;0;0;0;0;0;0;;;;0;-1;-1;0;0;-1;0;0;0;0;0;0;0;0;0;0;1;0;1250;0;1;1;0;0;0;0;0;0;;0;0;0;;;0;0;0;0;ART_DEF_UNIT_INQUISITOR;0;0;;;;0;0;1;BIPED;17;17;EXPANSION_UNIT_ATLAS_1;EXPANSION_UNIT_FLAG_ATLAS
140;UNIT_GREAT_ADMIRAL;TXT_KEY_UNIT_GREAT_ADMIRAL;TXT_KEY_CIV5_GREAT_ADMIRAL_TEXT;TXT_KEY_UNIT_GREAT_ADMIRAL_STRATEGY;;;0;0;-1;0;0;0;0;4;0;0;2;UNITCLASS_GREAT_ADMIRAL;SPECIALUNIT_PEOPLE;;;DOMAIN_SEA;CIVILIAN_ATTACK_PRIORITY_HIGH;UNITAI_ADMIRAL;0;0;0;0;0;0;;0;0;0;0;0;0;0;0;0;0;0;0;;;;0;-1;-1;0;0;-1;0;0;0;0;0;0;0;0;0;0;0;0;0;0;0;0;0;0;0;0;0;0;;0;0;0;;;0;0;0;0;ART_DEF_UNIT_GREAT_ADMIRAL;0;1;;;;0;1;1;WOODEN_BOAT;15;26;EXPANSION_UNIT_ATLAS_1;EXPANSION_UNIT_FLAG_ATLAS
141;UNIT_GATLINGGUN;TXT_KEY_UNIT_GATLINGGUN;TXT_KEY_CIV5_GATLINGGUN_TEXT;TXT_KEY_UNIT_GATLINGGUN_STRATEGY;TXT_KEY_UNIT_HELP_GATLINGGUN;;30;30;225;450;1;0;0;2;0;1;2;UNITCLASS_GATLINGGUN;;;UNITCOMBAT_ARCHER;DOMAIN_LAND;;UNITAI_RANGED;0;0;0;1;1;1;;0;0;0;0;0;0;0;0;0;0;0;0;TECH_INDUSTRIALIZATION;TECH_BALLISTICS;UNITCLASS_MACHINE_GUN;0;30;-1;0;0;-1;0;0;0;0;0;0;0;0;0;0;0;0;0;0;0;0;0;100;0;0;0;0;;0;3;3;;;0;0;0;0;ART_DEF_UNIT_GATLINGGUN;0;0;;;;0;0;1;BIPED;26;27;EXPANSION_UNIT_ATLAS_1;EXPANSION_UNIT_FLAG_ATLAS
142;UNIT_ZULU_IMPI;TXT_KEY_UNIT_ZULU_IMPI;TXT_KEY_CIV5_ZULU_IMPI_TEXT;TXT_KEY_UNIT_ZULU_IMPI_STRATEGY;TXT_KEY_UNIT_HELP_ZULU_IMPI;;16;0;90;180;1;0;0;2;0;0;2;UNITCLASS_PIKEMAN;;;UNITCOMBAT_MELEE;DOMAIN_LAND;;UNITAI_COUNTER;0;0;0;1;1;1;;0;0;0;0;0;0;0;0;0;0;0;0;TECH_CIVIL_SERVICE;TECH_RIFLING;UNITCLASS_LANCER;0;20;-1;0;0;-1;0;0;0;0;0;0;0;0;0;0;0;0;0;0;0;0;0;100;0;0;0;0;;0;3;3;;;3;0;0;0;ART_DEF_UNIT_U_ZULU_IMPI_WARRIOR;0;0;;;;0;0;1;BIPED;10;10;EXPANSION2_UNIT_ATLAS;EXPANSION2_UNIT_FLAG_ATLAS
143;UNIT_VENETIAN_MERCHANT;TXT_KEY_UNIT_VENETIAN_MERCHANT;TXT_KEY_CIV5_VENETIAN_MERCHANT_TEXT;TXT_KEY_UNIT_VENETIAN_MERCHANT_STRATEGY;TXT_KEY_UNIT_HELP_VENETIAN_MERCHANT;;0;0;-1;0;0;0;0;2;0;0;2;UNITCLASS_MERCHANT;SPECIALUNIT_PEOPLE;;;DOMAIN_LAND;CIVILIAN_ATTACK_PRIORITY_HIGH;UNITAI_MERCHANT;0;0;0;0;0;0;;0;0;0;0;0;0;0;0;0;0;0;0;;;;0;-1;-1;0;0;-1;1;0;0;0;0;0;0;300;100;0;0;0;0;0;0;0;1;0;0;0;0;0;;0;0;0;;;0;0;0;0;ART_DEF_UNIT_U_VENETIAN_MERCHANT;0;1;;;;0;0;1;WOODEN_BOAT;12;12;EXPANSION2_UNIT_ATLAS;EXPANSION2_UNIT_FLAG_ATLAS
144;UNIT_POLISH_WINGED_HUSSAR;TXT_KEY_UNIT_POLISH_WINGED_HUSSAR;TXT_KEY_CIV5_POLISH_WINGED_HUSSAR_TEXT;TXT_KEY_UNIT_POLISH_WINGED_HUSSAR_STRATEGY;TXT_KEY_UNIT_HELP_WINGED_HUSSAR;;28;0;185;370;1;0;0;5;0;0;2;UNITCLASS_LANCER;;;UNITCOMBAT_MOUNTED;DOMAIN_LAND;;UNITAI_FAST_ATTACK;0;0;0;1;1;1;;0;0;0;0;0;0;0;1;0;0;0;0;TECH_METALLURGY;TECH_COMBINED_ARMS;UNITCLASS_ANTI_TANK_GUN;0;30;-1;0;0;-1;0;0;0;0;0;0;0;0;0;0;0;0;0;0;0;0;0;100;0;0;0;0;;0;3;3;;;0;0;0;0;ART_DEF_UNIT_U_POLISH_WINGED_HUSSAR;0;0;;;;0;0;1;QUADRUPED;20;20;EXPANSION2_UNIT_ATLAS;EXPANSION2_UNIT_FLAG_ATLAS
145;UNIT_CARGO_SHIP;TXT_KEY_UNIT_CARGO_SHIP;TXT_KEY_CIV5_CARGO_SHIP_TEXT;TXT_KEY_UNIT_CARGO_SHIP_STRATEGY;TXT_KEY_UNIT_HELP_CARGO_SHIP;;0;0;100;0;0;0;0;1;1;0;2;UNITCLASS_CARGO_SHIP;;;;DOMAIN_SEA;CIVILIAN_ATTACK_PRIORITY_LOW;UNITAI_TRADE_UNIT;0;0;0;1;1;0;;0;0;0;0;0;0;0;0;0;1;0;0;TECH_SAILING;;;20;10;-1;0;0;-1;0;0;0;0;0;0;0;0;0;0;0;0;0;0;0;0;0;0;0;0;1;0;;0;0;3;;;0;0;1;0;ART_DEF_UNIT_CARGO_SHIP;0;1;;;;0;0;1;BIPED;4;4;EXPANSION2_UNIT_ATLAS;EXPANSION2_UNIT_FLAG_ATLAS
146;UNIT_CARAVAN;TXT_KEY_UNIT_CARAVAN;TXT_KEY_CIV5_CARAVAN_TEXT;TXT_KEY_UNIT_CARAVAN_STRATEGY;TXT_KEY_UNIT_HELP_CARAVAN;;0;0;75;0;0;0;0;1;1;0;2;UNITCLASS_CARAVAN;;;;DOMAIN_LAND;CIVILIAN_ATTACK_PRIORITY_LOW;UNITAI_TRADE_UNIT;0;0;0;1;1;0;;0;0;0;0;0;0;0;0;0;1;0;0;TECH_ANIMAL_HUSBANDRY;;;20;10;-1;0;0;-1;0;0;0;0;0;0;0;0;0;0;0;0;0;0;0;0;0;0;0;0;1;0;;0;0;3;;;0;0;1;0;ART_DEF_UNIT_CARAVAN;0;1;;;;0;0;1;BIPED;3;3;EXPANSION2_UNIT_ATLAS;EXPANSION2_UNIT_FLAG_ATLAS
147;UNIT_WRITER;TXT_KEY_UNIT_GREAT_WRITER;TXT_KEY_CIV5_GREATWRITERS_TEXT;TXT_KEY_UNIT_GREAT_WRITER_STRATEGY;;;0;0;-1;0;0;0;0;2;0;0;2;UNITCLASS_WRITER;SPECIALUNIT_PEOPLE;;;DOMAIN_LAND;CIVILIAN_ATTACK_PRIORITY_HIGH;UNITAI_WRITER;0;0;0;0;0;0;;0;0;0;0;0;0;0;0;0;0;0;0;;;;0;-1;-1;0;0;-1;1;0;0;8;0;0;0;0;0;0;0;0;0;0;0;0;0;0;0;0;0;0;;0;0;0;;;0;0;0;0;ART_DEF_UNIT_GREAT_WRITER;0;1;;;;0;0;1;GREAT_PERSON;8;8;EXPANSION2_UNIT_ATLAS;EXPANSION2_UNIT_FLAG_ATLAS
148;UNIT_MUSICIAN;TXT_KEY_UNIT_GREAT_MUSICIAN;TXT_KEY_CIV5_GREATMUSICIANS_TEXT;TXT_KEY_UNIT_GREAT_MUSICIAN_STRATEGY;;;0;0;-1;0;0;0;0;2;0;0;2;UNITCLASS_MUSICIAN;SPECIALUNIT_PEOPLE;;;DOMAIN_LAND;CIVILIAN_ATTACK_PRIORITY_HIGH;UNITAI_MUSICIAN;0;0;0;0;0;0;;0;0;0;0;0;10;20;0;0;0;0;0;;;;0;-1;-1;0;0;-1;1;0;0;0;0;0;0;0;0;0;0;0;0;0;0;0;0;0;0;0;0;0;;0;0;0;;;0;0;0;0;ART_DEF_UNIT_GREAT_MUSICIAN;0;1;;;;0;0;1;GREAT_PERSON;7;7;EXPANSION2_UNIT_ATLAS;EXPANSION2_UNIT_FLAG_ATLAS
149;UNIT_ARCHAEOLOGIST;TXT_KEY_UNIT_ARCHAEOLOGIST;TXT_KEY_CIV5_ARCHAEOLOGIST_TEXT;TXT_KEY_UNIT_ARCHAEOLOGIST_STRATEGY;TXT_KEY_UNIT_HELP_ARCHAEOLOGIST;;0;0;200;0;0;0;0;4;0;0;2;UNITCLASS_ARCHAEOLOGIST;;UNITCLASS_ARCHAEOLOGIST;;DOMAIN_LAND;CIVILIAN_ATTACK_PRIORITY_LOW;UNITAI_ARCHAEOLOGIST;0;0;0;0;0;0;;0;0;0;0;0;0;0;0;0;0;0;0;TECH_ARCHAEOLOGY;;;-1;20;-1;0;0;-1;100;0;0;0;0;0;0;0;0;0;0;0;0;0;0;0;0;0;0;0;0;0;;0;0;0;;;0;0;0;0;ART_DEF_UNIT_ARCHAEOLOGIST;0;1;;;;0;0;1;BIPED;0;0;EXPANSION2_UNIT_ATLAS;EXPANSION2_UNIT_FLAG_ATLAS
150;UNIT_ASSYRIAN_SIEGE_TOWER;TXT_KEY_UNIT_ASSYRIAN_SIEGE_TOWER;TXT_KEY_CIV5_ASSYRIAN_SIEGE_TOWER_TEXT;TXT_KEY_UNIT_ASSYRIAN_SIEGE_TOWER_STRATEGY;TXT_KEY_UNIT_HELP_ASSYRIAN_SIEGE_TOWER;;12;0;75;150;1;0;0;2;0;0;2;UNITCLASS_CATAPULT;;;UNITCOMBAT_MELEE;DOMAIN_LAND;;UNITAI_CITY_BOMBARD;0;0;0;1;1;1;;0;0;0;0;0;0;0;0;0;1;0;0;TECH_MATHEMATICS;TECH_PHYSICS;UNITCLASS_TREBUCHET;20;20;-1;0;0;-1;0;0;0;0;0;0;0;0;0;0;0;0;0;0;0;0;0;100;0;0;0;0;;0;3;3;;;0;0;0;0;ART_DEF_UNIT_U_ASSYRIAN_SIEGE_TOWER;0;0;;;;0;0;1;ARTILLERY;17;17;EXPANSION2_UNIT_ATLAS;EXPANSION2_UNIT_FLAG_ATLAS
151;UNIT_BRAZILIAN_PRACINHA;TXT_KEY_UNIT_BRAZILIAN_PRACINHA;TXT_KEY_CIV5_BRAZILIAN_PRACINHA_TEXT;TXT_KEY_UNIT_BRAZILIAN_PRACINHA_STRATEGY;TXT_KEY_UNIT_HELP_BRAZILIAN_PRACINHA;;70;0;375;750;1;0;0;2;0;0;2;UNITCLASS_INFANTRY;;;UNITCOMBAT_GUN;DOMAIN_LAND;;UNITAI_DEFENSE;0;0;0;1;1;1;;0;0;0;0;0;0;0;1;0;0;0;0;TECH_PLASTIC;TECH_MOBILE_TACTICS;UNITCLASS_MECHANIZED_INFANTRY;0;35;-1;0;0;-1;0;0;0;0;0;0;0;0;0;0;0;0;0;0;0;0;0;100;0;0;0;0;;0;3;3;;;6;0;0;0;ART_DEF_UNIT_U_BRAZILIAN_PRACINHAS;0;0;;;;0;0;1;BIPED;16;16;EXPANSION2_UNIT_ATLAS;EXPANSION2_UNIT_FLAG_ATLAS
152;UNIT_PORTUGUESE_NAU;TXT_KEY_UNIT_PORTUGUESE_NAU;TXT_KEY_CIV5_PORTUGUESE_NAU_TEXT;TXT_KEY_UNIT_PORTUGUESE_NAU_STRATEGY;TXT_KEY_UNIT_HELP_PORTUGUESE_NAU;;20;0;120;0;1;0;0;5;0;0;2;UNITCLASS_CARAVEL;;;UNITCOMBAT_NAVALMELEE;DOMAIN_SEA;;UNITAI_EXPLORE_SEA;0;0;0;1;1;1;;0;0;0;0;0;0;0;0;0;1;0;0;TECH_ASTRONOMY;TECH_STEAM_POWER;;30;50;10;0;0;-1;0;0;0;0;0;0;0;0;0;0;0;0;0;0;0;0;0;100;0;0;0;1;;0;3;3;;;0;0;0;0;ART_DEF_UNIT_U_PORTUGUESE_CARRACK;0;0;;;;0;0;1;BOAT;13;13;EXPANSION2_UNIT_ATLAS;EXPANSION2_UNIT_FLAG_ATLAS
153;UNIT_BERBER_CAVALRY;TXT_KEY_UNIT_BERBER_CAVALRY;TXT_KEY_CIV5_MOROCCAN_BERBER_CAVALRY_TEXT;TXT_KEY_UNIT_BERBER_CAVALRY_STRATEGY;TXT_KEY_UNIT_HELP_BERBER_CAVALRY;;34;0;225;450;1;0;0;4;0;0;2;UNITCLASS_CAVALRY;;;UNITCOMBAT_MOUNTED;DOMAIN_LAND;;UNITAI_FAST_ATTACK;0;0;0;1;1;1;;0;0;0;0;0;0;0;1;0;0;0;0;TECH_MILITARY_SCIENCE;TECH_COMBUSTION;UNITCLASS_WWI_TANK;0;30;-1;0;0;-1;0;0;0;0;0;0;0;0;0;0;0;0;0;0;0;0;0;100;0;0;0;0;;0;3;3;;;0;0;0;0;ART_DEF_UNIT_U_MORROCAN_BERBER_CAVALRY;0;0;;;;0;0;1;QUADRUPED;2;2;EXPANSION2_UNIT_ATLAS;EXPANSION2_UNIT_FLAG_ATLAS
154;UNIT_VENETIAN_GALLEASS;TXT_KEY_UNIT_VENETIAN_GALLEASS;TXT_KEY_CIV5_VENETIAN_GALLEASS_TEXT;TXT_KEY_UNIT_VENETIAN_GALLEASS_STRATEGY;TXT_KEY_UNIT_HELP_VENETIAN_GALLEASS;;18;20;110;0;0;0;0;3;0;2;2;UNITCLASS_GALLEASS;;;UNITCOMBAT_NAVALRANGED;DOMAIN_SEA;;UNITAI_ASSAULT_SEA;0;0;0;1;1;1;;0;0;0;0;0;0;0;0;0;1;0;0;TECH_COMPASS;TECH_NAVIGATION;;0;30;10;0;0;-1;0;0;0;0;0;0;0;0;0;0;0;0;0;0;0;0;0;100;0;0;0;0;;0;3;3;;;0;0;0;0;ART_DEF_UNIT_U_VENETIAN_GALLEASS;0;0;;;;0;0;1;WOODEN_BOAT;19;19;EXPANSION2_UNIT_ATLAS;EXPANSION2_UNIT_FLAG_ATLAS
155;UNIT_SHOSHONE_PATHFINDER;TXT_KEY_UNIT_SHOSHONE_PATHFINDER;TXT_KEY_CIV5_SHOSHONE_PATHFINDER_TEXT;TXT_KEY_UNIT_SHOSHONE_PATHFINDER_STRATEGY;TXT_KEY_UNIT_HELP_SHOSHONE_PATHFINDER;;8;0;45;50;1;0;0;2;0;0;2;UNITCLASS_SCOUT;;;UNITCOMBAT_RECON;DOMAIN_LAND;;UNITAI_EXPLORE;0;1;0;1;1;1;;0;0;0;0;0;0;0;0;0;0;0;0;;TECH_SCIENTIFIC_THEORY;UNITCLASS_COMPOSITE_BOWMAN;0;10;-1;0;0;-1;0;0;0;0;0;0;0;0;0;0;0;0;0;0;0;0;0;100;0;0;0;0;;0;3;3;;;0;0;0;0;ART_DEF_UNIT_U_SHOSHONE_PATHFINDER;0;0;;;;0;0;1;BIPED;14;14;EXPANSION2_UNIT_ATLAS;EXPANSION2_UNIT_FLAG_ATLAS
156;UNIT_SHOSHONE_COMANCHE_RIDERS;TXT_KEY_UNIT_SHOSHONE_COMANCHE_RIDERS;TXT_KEY_CIV5_SHOSHONE_COMANCHE_RIDERS_TEXT;TXT_KEY_UNIT_SHOSHONE_COMANCHE_RIDERS_STRATEGY;TXT_KEY_UNIT_HELP_SHOSHONE_COMANCHE_RIDERS;;34;0;200;450;1;0;0;4;0;0;2;UNITCLASS_CAVALRY;;;UNITCOMBAT_MOUNTED;DOMAIN_LAND;;UNITAI_FAST_ATTACK;0;0;0;1;1;1;;0;0;0;0;0;0;0;1;0;0;0;0;TECH_MILITARY_SCIENCE;TECH_COMBUSTION;UNITCLASS_WWI_TANK;0;30;-1;0;0;-1;0;0;0;0;0;0;0;0;0;0;0;0;0;0;0;0;0;100;0;0;0;0;;0;3;3;;;0;0;0;0;ART_DEF_UNIT_U_SHOSHONE_COMANCHE_RIDERS;0;0;;;;0;0;1;QUADRUPED;18;18;EXPANSION2_UNIT_ATLAS;EXPANSION2_UNIT_FLAG_ATLAS
157;UNIT_BAZOOKA;TXT_KEY_UNIT_BAZOOKA;TXT_KEY_CIV5_BAZOOKA_TEXT;TXT_KEY_UNIT_BAZOOKA_STRATEGY;TXT_KEY_UNIT_HELP_BAZOOKA;;85;85;375;750;1;0;0;2;0;1;2;UNITCLASS_BAZOOKA;;;UNITCOMBAT_ARCHER;DOMAIN_LAND;;UNITAI_DEFENSE;0;0;0;1;1;1;;0;0;0;0;0;0;0;1;0;0;0;0;TECH_NUCLEAR_FISSION;;;0;30;-1;0;0;-1;0;0;0;0;0;0;0;0;0;0;0;0;0;0;0;0;0;100;0;0;0;0;;0;3;3;;;0;0;0;0;ART_DEF_UNIT_BAZOOKA_INFANTRY;0;0;;;;0;0;1;BIPED;1;1;EXPANSION2_UNIT_ATLAS;EXPANSION2_UNIT_FLAG_ATLAS
158;UNIT_KRIS_SWORDSMAN;TXT_KEY_UNIT_INDONESIAN_KRIS_SWORDSMAN;TXT_KEY_CIV5_INDONESIAN_KRIS_SWORDSMAN_TEXT;TXT_KEY_UNIT_INDONESIAN_KRIS_SWORDSMAN_STRATEGY;TXT_KEY_UNIT_HELP_INDONESIAN_KRIS_SWORDSMAN;;14;0;75;150;1;0;0;2;0;0;2;UNITCLASS_SWORDSMAN;;;UNITCOMBAT_MELEE;DOMAIN_LAND;;UNITAI_ATTACK;0;0;0;1;1;1;;0;0;0;0;0;0;0;0;0;0;0;0;TECH_IRON_WORKING;TECH_STEEL;UNITCLASS_LONGSWORDSMAN;20;20;-1;0;0;-1;0;0;0;0;0;0;0;0;0;0;0;0;0;0;0;0;0;100;0;0;0;0;;0;3;3;;;1;0;0;0;ART_DEF_UNIT_U_INDONESIAN_KRIS_SWORDSMAN;0;0;;;;0;0;1;BIPED;11;11;EXPANSION2_UNIT_ATLAS;EXPANSION2_UNIT_FLAG_ATLAS
159;UNIT_BARBARIAN_HORSEMAN;TXT_KEY_UNIT_HORSEMAN;;;TXT_KEY_UNIT_HELP_HORSEMAN;;12;0;75;0;0;0;0;4;0;0;2;UNITCLASS_HORSEMAN;;;UNITCOMBAT_MOUNTED;DOMAIN_LAND;;UNITAI_FAST_ATTACK;0;0;0;1;1;1;;0;0;0;0;0;0;0;0;0;0;0;0;TECH_HORSEBACK_RIDING;TECH_CHIVALRY;UNITCLASS_KNIGHT;0;20;-1;0;0;-1;0;0;0;0;0;0;0;0;0;0;0;0;0;0;0;0;0;100;0;0;0;0;;0;3;3;;;0;0;0;0;ART_DEF_UNIT_HORSEMAN;0;0;;;;0;0;0;QUADRUPED;17;17;UNIT_ATLAS_1;UNIT_FLAG_ATLAS
160;UNIT_BARBARIAN_AXMAN;TXT_KEY_UNIT_AXMAN;TXT_KEY_CIV5_AXMAN_TEXT;TXT_KEY_UNIT_AXMAN_STRATEGY;TXT_KEY_UNIT_HELP_AXMAN;;9;9;56;0;0;0;0;2;0;1;2;UNITCLASS_CHARIOT_ARCHER;;;UNITCOMBAT_ARCHER;DOMAIN_LAND;;UNITAI_ATTACK;0;0;0;1;1;1;;0;0;0;0;0;0;0;0;0;0;0;0;TECH_THE_WHEEL;TECH_CHIVALRY;UNITCLASS_KNIGHT;0;15;-1;0;0;-1;0;0;0;0;0;0;0;0;0;0;0;0;0;0;0;0;0;100;0;0;0;0;;0;3;3;;;0;0;0;0;ART_DEF_UNIT_HAND_AXE_BARBARIAN;0;0;;;;0;0;1;BIPED;9;9;EXPANSION2_UNIT_ATLAS;EXPANSION2_UNIT_FLAG_ATLAS
161;UNIT_XCOM_SQUAD;TXT_KEY_UNIT_XCOM_SQUAD;TXT_KEY_CIV5_XCOM_SQUAD_TEXT;TXT_KEY_UNIT_XCOM_SQUAD_STRATEGY;TXT_KEY_UNIT_HELP_XCOM_SQUAD;;100;0;400;800;1;0;0;2;0;0;2;UNITCLASS_XCOM_SQUAD;;;UNITCOMBAT_GUN;DOMAIN_LAND;;UNITAI_PARADROP;0;0;0;1;1;1;;0;0;0;0;0;0;0;0;0;0;0;0;TECH_NANOTECHNOLOGY;;;0;50;-1;0;0;-1;0;0;0;0;0;0;0;0;0;0;0;0;0;0;0;0;0;100;0;0;0;0;;0;3;3;;;0;0;0;0;ART_DEF_UNIT_XCOM_SQUAD;0;0;;;;0;0;1;QUADRUPED;15;15;EXPANSION2_UNIT_ATLAS;EXPANSION2_UNIT_FLAG_ATLAS
